1,"89,8",Ac2O3,actinium(III) oxide,3/30/2022 9:01,3/30/2022 9:01
2,"47,5,9",AgBF4,silver tetrafluoroborate,3/30/2022 9:01,3/30/2022 9:01
3,"47,35",AgBr,silver bromide,3/30/2022 9:01,3/30/2022 9:01
4,"47,35,8",AgBrO3,silver bromate,3/30/2022 9:01,3/30/2022 9:01
5,"47,17",AgCl,silver chloride,3/30/2022 9:01,3/30/2022 9:01
6,"47,17,29",AgCl3Cu2,,3/30/2022 9:01,3/30/2022 9:01
7,"47,17,8",AgClO3,,3/30/2022 9:01,3/30/2022 9:01
8,"47,17,8",AgClO4,silver perchlorate,3/30/2022 9:01,3/30/2022 9:01
9,"47,6,7",AgCN,silver cyanide,3/30/2022 9:01,3/30/2022 9:01
10,"47,9",AgF,silver fluoride,3/30/2022 9:01,3/30/2022 9:01
11,"47,9",AgF2,silver difluoride,3/30/2022 9:01,3/30/2022 9:01
12,"47,53",AgI,silver iodide,3/30/2022 9:01,3/30/2022 9:01
13,"47,53,8",AgIO3,silver iodate,3/30/2022 9:01,3/30/2022 9:01
14,"47,25,8",AgMnO4,silver permanganate,3/30/2022 9:01,3/30/2022 9:01
15,"47,7",AgN3,silver azide,3/30/2022 9:01,3/30/2022 9:01
16,"47,7,8",AgNO3,silver nitrate,3/30/2022 9:01,3/30/2022 9:01
17,"47,8",Ag2O,silver oxide,3/30/2022 9:01,3/30/2022 9:01
18,"47,8",AgO,silver monoxide,3/30/2022 9:01,3/30/2022 9:01
19,"47,8,7,6",AgONC,silver fulminate,3/30/2022 9:01,3/30/2022 9:01
20,"47,15,9",AgPF6,silver hexafluorophosphate,3/30/2022 9:01,3/30/2022 9:01
21,"47,16,7,6",AgSNC,silver thiocyanate,3/30/2022 9:01,3/30/2022 9:01
22,"47,6",Ag2C2,silver acetylide,3/30/2022 9:01,3/30/2022 9:01
23,"47,6,8",Ag2CO3,silver(I) carbonate,3/30/2022 9:01,3/30/2022 9:01
24,"47,6,8",Ag2C2O4,silver oxalate,3/30/2022 9:01,3/30/2022 9:01
25,"47,17",Ag2Cl2,silver(II) dichloride,3/30/2022 9:01,3/30/2022 9:01
26,"47,24,8",Ag2CrO4,silver chromate,3/30/2022 9:01,3/30/2022 9:01
27,"47,24,8",Ag2Cr2O7,silver dichromate,3/30/2022 9:01,3/30/2022 9:01
28,"47,9",Ag2F,silver subfluoride,3/30/2022 9:01,3/30/2022 9:01
29,"47,42,8",Ag2MoO4,silver molybdate,3/30/2022 9:01,3/30/2022 9:01
30,"47,8",Ag2O,silver(I) oxide,3/30/2022 9:01,3/30/2022 9:01
31,"47,16",Ag2S,silver sulfide,3/30/2022 9:01,3/30/2022 9:01
32,"47,16,8",Ag2SO4,silver sulfate,3/30/2022 9:01,3/30/2022 9:01
33,"47,34",Ag2Se,silver selenide,3/30/2022 9:01,3/30/2022 9:01
34,"47,34,8",Ag2SeO3,silver selenite,3/30/2022 9:01,3/30/2022 9:01
35,"47,34,8",Ag2SeO4,silver selenate,3/30/2022 9:01,3/30/2022 9:01
36,"47,52",Ag2Te,silver(I) telluride,3/30/2022 9:01,3/30/2022 9:01
37,"47,35",Ag3Br2,silver dibromide,3/30/2022 9:01,3/30/2022 9:01
38,"47,35",Ag3Br3,silver tribromide,3/30/2022 9:01,3/30/2022 9:01
39,"47,17",Ag3Cl3,silver(III) trichloride,3/30/2022 9:01,3/30/2022 9:01
40,"47,53",Ag3I3,silver(III) triiodide,3/30/2022 9:01,3/30/2022 9:01
41,"47,15,8",Ag3PO4,silver phosphate,3/30/2022 9:01,3/30/2022 9:01
42,"13,5,8",AlBO,aluminium boron oxide,3/30/2022 9:01,3/30/2022 9:01
43,"13,5,8",AlBO2,aluminium borate,3/30/2022 9:01,3/30/2022 9:01
44,"13,35",AlBr,aluminium monobromide,3/30/2022 9:01,3/30/2022 9:01
45,"13,35",AlBr3,aluminium tribromide,3/30/2022 9:01,3/30/2022 9:01
46,"13,17",AlCl,aluminium monochloride,3/30/2022 9:01,3/30/2022 9:01
47,"13,17,9",AlClF,aluminium chloride fluoride,3/30/2022 9:01,3/30/2022 9:01
48,"13,17,9",AlClF,aluminium chloride fluoride,3/30/2022 9:01,3/30/2022 9:01
49,"13,17,9",AlClF2,aluminium chloride fluoride,3/30/2022 9:01,3/30/2022 9:01
50,"13,17,8",AlClO,aluminium chloride oxide,3/30/2022 9:01,3/30/2022 9:01
51,"13,17,1",AlCl2H,,3/30/2022 9:01,3/30/2022 9:01
52,"13,17",AlCl3,aluminium chloride,3/30/2022 9:01,3/30/2022 9:01
53,"13,17,9",AlCl2F,aluminium chloride fluoride,3/30/2022 9:01,3/30/2022 9:01
54,"13,17",AlCl3,aluminium trichloride,3/30/2022 9:01,3/30/2022 9:01
55,"13,17,55",AlCl4Cs,aluminium caesium tetrachloride,3/30/2022 9:01,3/30/2022 9:01
56,"13,17,19",AlCl4K,potassium tetrachloroaluminate,3/30/2022 9:01,3/30/2022 9:01
57,"13,17,11",AlCl4Na,sodium tetrachloroaluminate,3/30/2022 9:01,3/30/2022 9:01
58,"13,17,37",AlCl4Rb,aluminium rubidium tetrachloride,3/30/2022 9:01,3/30/2022 9:01
59,"13,17,19",AlCl6K3,potassium hexachloroaluminate,3/30/2022 9:01,3/30/2022 9:01
60,"13,17,11",AlCl6Na3,sodium hexachloroaluminate,3/30/2022 9:01,3/30/2022 9:01
61,"13,9",AlF,aluminium monofluoride,3/30/2022 9:01,3/30/2022 9:01
62,"13,9,8",AlFO,aluminium monofluoride monoxide,3/30/2022 9:01,3/30/2022 9:01
63,"13,9",AlF2,aluminium difluoride,3/30/2022 9:01,3/30/2022 9:01
64,"13,9,8",AlF2O,aluminium difluoride oxide,3/30/2022 9:01,3/30/2022 9:01
65,"13,9",AlF3,aluminium trifluoride,3/30/2022 9:01,3/30/2022 9:01
66,"13,9,19",AlF4K,potassium tetrafluoroaluminate,3/30/2022 9:01,3/30/2022 9:01
67,"13,9,3",AlF4Li,lithium tetrafluoroaluminate,3/30/2022 9:01,3/30/2022 9:01
68,"13,9,19",AlF6K3,potassium hexafluoraluminate,3/30/2022 9:01,3/30/2022 9:01
69,"13,9,3",AlF6Li3,lithium hexafluoroaluminate,3/30/2022 9:01,3/30/2022 9:01
70,"13,9,11",AlF6Na3,cryolite,3/30/2022 9:01,3/30/2022 9:01
71,"13,31,49,15",AlGaInP,aluminium-gallium-indium phosphide,3/30/2022 9:01,3/30/2022 9:01
72,"13,8,1",Al(OH)3,aluminium hydroxide,3/30/2022 9:01,3/30/2022 9:01
73,"13,53",AlI,aluminium monoiodide,3/30/2022 9:01,3/30/2022 9:01
74,"13,53",AlI3,aluminium triiodide,3/30/2022 9:01,3/30/2022 9:01
75,"13,3,8",AlLiO2,lithium aluminate,3/30/2022 9:01,3/30/2022 9:01
76,"13,7",AlN,aluminium nitride,3/30/2022 9:01,3/30/2022 9:01
77,"13,7,8",Al(NO3)3,aluminium nitrate,3/30/2022 9:01,3/30/2022 9:01
78,"13,11,8",AlNaO2,sodium aluminate,3/30/2022 9:01,3/30/2022 9:01
79,"13,8",AlO,aluminium monoxide,3/30/2022 9:01,3/30/2022 9:01
80,"13,8,14",AlOSi,aluminium silicon monoxide,3/30/2022 9:01,3/30/2022 9:01
81,"13,8",AlO2,Aluminium(IV) oxide,3/30/2022 9:01,3/30/2022 9:01
82,"13,15",AlP,aluminium monophosphide,3/30/2022 9:01,3/30/2022 9:01
83,"13,15,8",AlPO4,aluminium phosphate,3/30/2022 9:01,3/30/2022 9:01
84,"13,52",AlTe,aluminium monotelluride,3/30/2022 9:01,3/30/2022 9:01
85,"13,52",AlTe2,monoaluminium ditelluride,3/30/2022 9:01,3/30/2022 9:01
86,"13,4,8",Al2BeO4,beryllium aluminium oxide,3/30/2022 9:01,3/30/2022 9:01
87,"13,35",Al2Br6,dialuminium hexabromide,3/30/2022 9:01,3/30/2022 9:01
88,"13,6,8",Al2(CO3)3,aluminium carbonate,3/30/2022 9:01,3/30/2022 9:01
89,"13,17,19",Al2Cl9K3,potassium aluminium chloride,3/30/2022 9:01,3/30/2022 9:01
90,"13,27,8",Al2CoO4,cobalt blue,3/30/2022 9:01,3/30/2022 9:01
91,"13,9",Al2F6,aluminium fluoride,3/30/2022 9:01,3/30/2022 9:01
92,"13,53",Al2I6,aluminium iodide,3/30/2022 9:01,3/30/2022 9:01
93,"13,12,8",Al2MgO4,magnesium aluminium oxide,3/30/2022 9:01,3/30/2022 9:01
94,"13,8",Al2O,dialuminium monoxide,3/30/2022 9:01,3/30/2022 9:01
95,"13,8",Al2O2,dialuminium dioxide,3/30/2022 9:01,3/30/2022 9:01
96,"13,8",Al2O3,aluminium oxide,3/30/2022 9:01,3/30/2022 9:01
97,"13,8,14",Al2O5Si,aluminium silicate,3/30/2022 9:01,3/30/2022 9:01
98,"13,8,14",Al2O5Si,aluminium silicate,3/30/2022 9:01,3/30/2022 9:01
99,"13,8,14",Al2O5Si,andalusite,3/30/2022 9:01,3/30/2022 9:01
100,"13,8,14",Al2O7Si2,aluminium silicate,3/30/2022 9:01,3/30/2022 9:01
101,"13,16",Al2S,dialuminium monosulfide,3/30/2022 9:01,3/30/2022 9:01
102,"13,16",Al2S3,aluminium sulfide,3/30/2022 9:01,3/30/2022 9:01
103,"13,16,8",Al2(SO4)3,aluminium sulfate,3/30/2022 9:01,3/30/2022 9:01
104,"13,34",Al2Se,dialuminium selenide,3/30/2022 9:01,3/30/2022 9:01
105,"13,52",Al2Te,dialuminium telluride,3/30/2022 9:01,3/30/2022 9:01
106,"13,9,11",Al3F14Na5,chiolite,3/30/2022 9:01,3/30/2022 9:01
107,"13,6",Al4C3,,3/30/2022 9:01,3/30/2022 9:01
108,"13,4,8",Al6BeO10,beryllium aluminium oxide,3/30/2022 9:01,3/30/2022 9:01
109,"13,8,14",Al6O13Si2,mullite,3/30/2022 9:01,3/30/2022 9:01
110,"18,17,9",ArClF,argon chloride fluoride,3/30/2022 9:01,3/30/2022 9:01
111,"18,17,1",ArClH,argon chloride hydride,3/30/2022 9:01,3/30/2022 9:01
112,"18,9,1",ArFH,argon fluoride hydride,3/30/2022 9:01,3/30/2022 9:01
113,"33,35,8",AsBrO,arsenic oxybromide,3/30/2022 9:01,3/30/2022 9:01
114,"33,35",AsBr3,arsenic tribromide,3/30/2022 9:01,3/30/2022 9:01
115,"33,17,8",AsClO,arsenic monoxide monochloride,3/30/2022 9:01,3/30/2022 9:01
116,"33,17",AsCl3,arsenic trichloride,3/30/2022 9:01,3/30/2022 9:01
117,"33,17,8",AsCl3O,arsenic oxychloride,3/30/2022 9:01,3/30/2022 9:01
118,"33,17,9",AsCl4F,arsenic tetrachloride fluoride,3/30/2022 9:01,3/30/2022 9:01
119,"33,9",AsF3,arsenic trifluoride,3/30/2022 9:01,3/30/2022 9:01
120,"33,9",AsF5,arsenic pentafluoride,3/30/2022 9:01,3/30/2022 9:01
121,"33,1",AsH3,arsine,3/30/2022 9:01,3/30/2022 9:01
122,"33,53",AsI3,arsenic triiodide,3/30/2022 9:01,3/30/2022 9:01
123,"33,8",AsO,arsenic monoxide,3/30/2022 9:01,3/30/2022 9:01
124,"33,8",AsO2,arsenic dioxide,3/30/2022 9:01,3/30/2022 9:01
125,"33,15",AsP,arsenic monophosphide,3/30/2022 9:01,3/30/2022 9:01
126,"33,15",AsP3,arsenic triphosphide,3/30/2022 9:01,3/30/2022 9:01
127,"33,81",AsTl,thallium arsenide,3/30/2022 9:01,3/30/2022 9:01
128,"33,53",As2I4,arsenic diiodide,3/30/2022 9:01,3/30/2022 9:01
129,"33,8",As2O3,arsenic trioxide,3/30/2022 9:01,3/30/2022 9:01
130,"33,15",As2P2,arsenic diphosphide,3/30/2022 9:01,3/30/2022 9:01
131,"33,8",As2O5,arsenic pentaoxide,3/30/2022 9:01,3/30/2022 9:01
132,"33,16",As2S4,arsenic tetrasulfide,3/30/2022 9:01,3/30/2022 9:01
133,"33,16",As2S5,arsenic pentasulfide,3/30/2022 9:01,3/30/2022 9:01
134,"33,34",As2Se,arsenic hemiselenide,3/30/2022 9:01,3/30/2022 9:01
135,"33,34",As2Se3,arsenic triselenide,3/30/2022 9:01,3/30/2022 9:01
136,"33,34",As2Se5,arsenic pentaselenide,3/30/2022 9:01,3/30/2022 9:01
137,"33,8",As3O4,arsenic tetraoxide,3/30/2022 9:01,3/30/2022 9:01
138,"33,15",As3P,arsenic(III) phosphide,3/30/2022 9:01,3/30/2022 9:01
139,"33,8",As4O3,tetraarsenic trioxide,3/30/2022 9:01,3/30/2022 9:01
140,"33,8",As4O5,tetraarsenic pentaoxide,3/30/2022 9:01,3/30/2022 9:01
141,"33,16",As4S3,tetraarsenic trisulfide,3/30/2022 9:01,3/30/2022 9:01
142,"33,16",As4S4,tetraarsenic tetrasulfide,3/30/2022 9:01,3/30/2022 9:01
143,"79,5,8",AuBO,gold monoboride monoxide,3/30/2022 9:01,3/30/2022 9:01
144,"79,35",AuBr,gold bromide,3/30/2022 9:01,3/30/2022 9:01
145,"79,35",AuBr3,gold tribromide,3/30/2022 9:01,3/30/2022 9:01
146,"79,6,7",AuCN,gold cyanide,3/30/2022 9:01,3/30/2022 9:01
147,"79,17",AuCl,gold chloride,3/30/2022 9:01,3/30/2022 9:01
148,"79,17",AuCl3,gold trichloride,3/30/2022 9:01,3/30/2022 9:01
149,"79,9",AuF3,gold trifluoride,3/30/2022 9:01,3/30/2022 9:01
150,"79,53",AuI,gold iodide,3/30/2022 9:01,3/30/2022 9:01
151,"79,53",AuI3,gold(III) iodide,3/30/2022 9:01,3/30/2022 9:01
152,"79,8,1",Au(OH)3,gold hydroxide,3/30/2022 9:01,3/30/2022 9:01
153,"79,52",AuTe,gold telluride,3/30/2022 9:01,3/30/2022 9:01
154,"79,8",Au2O3,gold trioxide,3/30/2022 9:01,3/30/2022 9:01
155,"79,16",Au2S,gold sulfide,3/30/2022 9:01,3/30/2022 9:01
156,"79,16",Au2S3,gold trisulfide,3/30/2022 9:01,3/30/2022 9:01
157,"79,34,8",Au2(SeO4)3,gold triselenate,3/30/2022 9:01,3/30/2022 9:01
158,"79,34",Au2Se3,gold triselenide,3/30/2022 9:01,3/30/2022 9:01
159,"5,33",BAs,boron arsenide,3/30/2022 9:01,3/30/2022 9:01
160,"5,33,8",BAsO4,boron(III) arsenate,3/30/2022 9:01,3/30/2022 9:01
161,"5,35",BBr3,boron tribromide,3/30/2022 9:01,3/30/2022 9:01
162,"5,17",BCl3,boron trichloride,3/30/2022 9:01,3/30/2022 9:01
163,"5,9",BF3,boron trifluoride,3/30/2022 9:01,3/30/2022 9:01
164,"5,53",BI3,boron iodide,3/30/2022 9:01,3/30/2022 9:01
165,"5,7",BN,boron nitride,3/30/2022 9:01,3/30/2022 9:01
166,"5,8,1",B(OH)3,boric acid,3/30/2022 9:01,3/30/2022 9:01
167,"5,15",BP,boron(III) phosphide,3/30/2022 9:01,3/30/2022 9:01
168,"5,15,8",BPO4,boron(III) orthophosphate,3/30/2022 9:01,3/30/2022 9:01
169,"5,17",B2Cl4,boron chloride,3/30/2022 9:01,3/30/2022 9:01
170,"5,9",B2F4,boron trifluoride,3/30/2022 9:01,3/30/2022 9:01
171,"5,1",B2H6,boron hydride,3/30/2022 9:01,3/30/2022 9:01
172,"5,8",B2O3,boron(III) oxide,3/30/2022 9:01,3/30/2022 9:01
173,"5,16",B2S3,boron sulfide,3/30/2022 9:01,3/30/2022 9:01
174,"5,7,1",B3N3H6,borazine,3/30/2022 9:01,3/30/2022 9:01
175,"5,6",B4C,boron carbide,3/30/2022 9:01,3/30/2022 9:01
176,"56,13,8",Ba(AlO2)2,barium aluminate,3/30/2022 9:01,3/30/2022 9:01
177,"56,33,8",Ba(AsO3)2,barium arsenite,3/30/2022 9:01,3/30/2022 9:01
178,"56,33,8",Ba(AsO4)2,barium arsenate,3/30/2022 9:01,3/30/2022 9:01
179,"56,5",BaB6,barium hexaboride,3/30/2022 9:01,3/30/2022 9:01
180,"56,35,8,1",Ba(BrO3)2·H2O,barium bromate monohydrate,3/30/2022 9:01,3/30/2022 9:01
181,"56,35,8,1",Ba(BrO3)2·2H2O,barium bromate dihydrate,3/30/2022 9:01,3/30/2022 9:01
182,"56,35",BaBr2,barium bromide,3/30/2022 9:01,3/30/2022 9:01
183,"56,6,1,8",Ba(CHO2)2,barium formate,3/30/2022 9:01,3/30/2022 9:01
184,"56,6,1,8",Ba(C2H3O2)2,barium acetate,3/30/2022 9:01,3/30/2022 9:01
185,"56,6,7",Ba(CN)2,barium cyanide,3/30/2022 9:01,3/30/2022 9:01
186,"56,6,8",BaC2O4,barium oxalate,3/30/2022 9:01,3/30/2022 9:01
187,"56,6",BaC2,barium carbide,3/30/2022 9:01,3/30/2022 9:01
188,"56,6,8",BaCO3,barium carbonate,3/30/2022 9:01,3/30/2022 9:01
189,"56,6,8",BaCO3,witherite,3/30/2022 9:01,3/30/2022 9:01
190,"56,17,8",Ba(ClO4)2,barium perchlorate,3/30/2022 9:01,3/30/2022 9:01
191,"56,17",BaCl2,barium chloride,3/30/2022 9:01,3/30/2022 9:01
192,"56,24,8",BaCrO4,barium chromate,3/30/2022 9:01,3/30/2022 9:01
193,"56,24,8",BaCrO4,barium chromate(VI),3/30/2022 9:01,3/30/2022 9:01
194,"56,9",BaF2,barium fluoride,3/30/2022 9:01,3/30/2022 9:01
195,"56,26,14,8",BaFeSi4O10,gillespite,3/30/2022 9:01,3/30/2022 9:01
196,"56,80,53",BaHgI4,barium tetraiodomercurate(II),3/30/2022 9:01,3/30/2022 9:01
197,"56,53",BaI2,barium iodide,3/30/2022 9:01,3/30/2022 9:01
198,"56,19,24,8",BaK2(CrO4)2,barium potassium chromate,3/30/2022 9:01,3/30/2022 9:01
199,"56,25,8",BaMnO4,barium manganate,3/30/2022 9:01,3/30/2022 9:01
200,"56,25,8",Ba(MnO4)2,barium permanganate,3/30/2022 9:01,3/30/2022 9:01
201,"56,42,8",BaMoO4,barium molybdate,3/30/2022 9:01,3/30/2022 9:01
202,"56,7",BaN6,barium azide,3/30/2022 9:01,3/30/2022 9:01
203,"56,7,8",Ba(NO2)2,barium nitrite,3/30/2022 9:01,3/30/2022 9:01
204,"56,7,8",Ba(NO3)2,barium nitrate,3/30/2022 9:01,3/30/2022 9:01
205,"56,41,8",Ba(NbO3)2,barium niobate,3/30/2022 9:01,3/30/2022 9:01
206,"56,41,8",BaNb2O6,barium metaniobate,3/30/2022 9:01,3/30/2022 9:01
207,"56,8",BaO,barium oxide,3/30/2022 9:01,3/30/2022 9:01
208,"56,8,1",Ba(OH)2,barium hydroxide,3/30/2022 9:01,3/30/2022 9:01
209,"56,8,1",Ba(OH)2,baryta,3/30/2022 9:01,3/30/2022 9:01
210,"56,8",BaO2,barium dioxide,3/30/2022 9:01,3/30/2022 9:01
211,"56,15,8",Ba(PO3)2,barium metaphosphate,3/30/2022 9:01,3/30/2022 9:01
212,"56,16",BaS,barium sulfide,3/30/2022 9:01,3/30/2022 9:01
213,"56,16,6,7",Ba(SCN)2,barium thiocyanate,3/30/2022 9:01,3/30/2022 9:01
214,"56,16,8",BaS2O3,barium thiosulfate,3/30/2022 9:01,3/30/2022 9:01
215,"56,14,9",BaSiF6,barium hexafluorosilicate,3/30/2022 9:01,3/30/2022 9:01
216,"56,16,8",BaSO3,barium sulfite,3/30/2022 9:01,3/30/2022 9:01
217,"56,16,8",BaSO4,barium sulfate,3/30/2022 9:01,3/30/2022 9:01
218,"56,16,8",BaSO4,barite,3/30/2022 9:01,3/30/2022 9:01
219,"56,34",BaSe,barium selenide,3/30/2022 9:01,3/30/2022 9:01
220,"56,34,8",BaSeO3,barium selenite,3/30/2022 9:01,3/30/2022 9:01
221,"56,34,8",BaSeO4,barium selenate,3/30/2022 9:01,3/30/2022 9:01
222,"56,14,8",BaSiO3,barium metasilicate,3/30/2022 9:01,3/30/2022 9:01
223,"56,14",BaSi2,barium silicide,3/30/2022 9:01,3/30/2022 9:01
224,"56,14,8",BaSi2O5,barium disilicate,3/30/2022 9:01,3/30/2022 9:01
225,"56,50",BaSn3,barium stannate,3/30/2022 9:01,3/30/2022 9:01
226,"56,52,8",BaTeO3,barium tellurite,3/30/2022 9:01,3/30/2022 9:01
227,"56,52,8,1,8",BaTeO4·3H2O,barium tellurate trihydrate,3/30/2022 9:01,3/30/2022 9:01
228,"56,22,8",BaTiO3,barium titanate,3/30/2022 9:01,3/30/2022 9:01
229,"56,22,8",BaTiO3,barium metatitanate,3/30/2022 9:01,3/30/2022 9:01
230,"56,92,8",BaU2O7,barium uranium oxide,3/30/2022 9:01,3/30/2022 9:01
231,"56,74,8",BaWO4,barium tungstate,3/30/2022 9:01,3/30/2022 9:01
232,"56,40,8",BaZrO3,barium zirconate,3/30/2022 9:01,3/30/2022 9:01
233,"56,11,41,8",Ba2Na(NbO3)5,barium sodium niobate,3/30/2022 9:01,3/30/2022 9:01
234,"56,15,8",Ba2P2O7,barium pyrophosphate,3/30/2022 9:01,3/30/2022 9:01
235,"56,23,8",Ba2V2O7,barium pyrovanadate,3/30/2022 9:01,3/30/2022 9:01
236,"56,54,8",Ba2XeO6,barium perxenate,3/30/2022 9:01,3/30/2022 9:01
237,"56,24,8",Ba3(CrO4)2,barium chromate(V),3/30/2022 9:01,3/30/2022 9:01
238,"56,7",Ba3N2,barium nitride,3/30/2022 9:01,3/30/2022 9:01
239,"56,15,8",Ba3(PO4)2,barium orthophosphate,3/30/2022 9:01,3/30/2022 9:01
240,"56,23,8",Ba3(VO4)2,barium orthovandate,3/30/2022 9:01,3/30/2022 9:01
241,"4,5",BeB2,beryllium boride,3/30/2022 9:01,3/30/2022 9:01
242,"4,5,1",Be(BH4)2,beryllium borohydride,3/30/2022 9:01,3/30/2022 9:01
243,"4,35",BeBr2,beryllium bromide,3/30/2022 9:01,3/30/2022 9:01
244,"4,6,1,8",Be(CHO2)2,beryllium formate,3/30/2022 9:01,3/30/2022 9:01
245,"4,6,1,8",Be(C2H3O2)2,beryllium acetate,3/30/2022 9:01,3/30/2022 9:01
246,"4,6,1,8",Be(C5H7O2)2,beryllium acetylacetonate,3/30/2022 9:01,3/30/2022 9:01
247,"4,17",BeCl2,beryllium chloride,3/30/2022 9:01,3/30/2022 9:01
248,"4,9",BeF2,beryllium fluoride,3/30/2022 9:01,3/30/2022 9:01
249,"4,53",BeI2,beryllium iodide,3/30/2022 9:01,3/30/2022 9:01
250,"4,8",BeO,beryllium oxide,3/30/2022 9:01,3/30/2022 9:01
251,"4,8",BeO,bromellite,3/30/2022 9:01,3/30/2022 9:01
252,"4,8,1",Be(OH)2,beryllium hydroxide,3/30/2022 9:01,3/30/2022 9:01
253,"4,16",BeS,beryllium sulfide,3/30/2022 9:01,3/30/2022 9:01
254,"4,16,8",BeSO4,beryllium sulfate,3/30/2022 9:01,3/30/2022 9:01
255,"4,6",Be2C,beryllium carbide,3/30/2022 9:01,3/30/2022 9:01
256,"4,7",Be3N2,beryllium nitride,3/30/2022 9:01,3/30/2022 9:01
257,"83,5,8",BiBO3,bismuth(III) orthoborate,3/30/2022 9:01,3/30/2022 9:01
258,"83,35",BiBr3,bismuth(III) bromide,3/30/2022 9:01,3/30/2022 9:01
259,"83,6,1,8",Bi(C2H3O2)3,bismuth(III) acetate,3/30/2022 9:01,3/30/2022 9:01
260,"83,6,1,8",BiC6H5O7,bismuth(III) citrate,3/30/2022 9:01,3/30/2022 9:01
261,"83,17",BiCl3,bismuth(III) chloride,3/30/2022 9:01,3/30/2022 9:01
262,"83,9",BiF3,bismuth(III) fluoride,3/30/2022 9:01,3/30/2022 9:01
263,"83,53",BiI3,bismuth(III) iodide,3/30/2022 9:01,3/30/2022 9:01
264,"83,7,8,1,8",Bi(NO3)3·5H2O,bismuth(III) nitrate pentahydrate,3/30/2022 9:01,3/30/2022 9:01
265,"83,8,17",BiOCl,bismuth(III) oxychloride,3/30/2022 9:01,3/30/2022 9:01
266,"83,8,53",BiOI,bismuth(III) oxyiodide,3/30/2022 9:01,3/30/2022 9:01
267,"83,8,6,8",(BiO)2CO3,bismuth oxycarbonate,3/30/2022 9:01,3/30/2022 9:01
268,"83,15,8",BiPO4,bismuth(III) orthophosphate,3/30/2022 9:01,3/30/2022 9:01
269,"83,23,8",Bi(VO3)5,bismuth(III) metavanadate,3/30/2022 9:01,3/30/2022 9:01
270,"83,34",Bi2Se3,bismuth(III) selenide,3/30/2022 9:01,3/30/2022 9:01
271,"83,34",Bi2Se3,bismuth selenide,3/30/2022 9:01,3/30/2022 9:01
272,"83,42,8",Bi2(MoO4)3,bismuth(III) molybdate,3/30/2022 9:01,3/30/2022 9:01
273,"83,8",Bi2O3,bismuth(III) oxide,3/30/2022 9:01,3/30/2022 9:01
274,"83,16",Bi2S3,bismuth(III) sulfide,3/30/2022 9:01,3/30/2022 9:01
275,"83,16",Bi2S3,bismuthinite,3/30/2022 9:01,3/30/2022 9:01
276,"83,34",Bi2Se3,bismuth(III) selenide,3/30/2022 9:01,3/30/2022 9:01
277,"35,17",BrCl,bromine chloride,3/30/2022 9:01,3/30/2022 9:01
278,"35,8",BrO3?,bromate ion,3/30/2022 9:01,3/30/2022 9:01
279,35,Br2,bromine,3/30/2022 9:01,3/30/2022 9:01
280,"6,17,9",CCl2F2,dichlorodifluoromethane,3/30/2022 9:01,3/30/2022 9:01
281,"6,17,9",CCl2F2,freon-12,3/30/2022 9:01,3/30/2022 9:01
282,"6,17",CCl4,carbon tetrachloride,3/30/2022 9:01,3/30/2022 9:01
283,"6,17",CCl4,tetrachloromethane,3/30/2022 9:01,3/30/2022 9:01
284,"6,9,17",CFCl3,freon-11,3/30/2022 9:01,3/30/2022 9:01
285,"6,9,17,6,9,17",CFCl2CF2Cl,freon-13,3/30/2022 9:01,3/30/2022 9:01
286,"6,1,17",CHCl3,chloroform,3/30/2022 9:01,3/30/2022 9:01
287,"6,1,17",CHCl3,trichloromethane,3/30/2022 9:01,3/30/2022 9:01
288,"6,1,17",CHCl3,methyl trichloride,3/30/2022 9:01,3/30/2022 9:01
289,"6,1,8",CHO2?,formate ion,3/30/2022 9:01,3/30/2022 9:01
290,"6,1,6,1,6,1,6,1",CH2CHCHCH2,"1,3-butadiene",3/30/2022 9:01,3/30/2022 9:01
291,"6,1,6,8",CH2CO,ketene,3/30/2022 9:01,3/30/2022 9:01
292,"6,1,17,6,8,8,1",CH2ClCOOH,chloroacetic acid,3/30/2022 9:01,3/30/2022 9:01
293,"6,1,17",CH2Cl2,dichloromethane,3/30/2022 9:01,3/30/2022 9:01
294,"6,1,8",CH2O,formaldehyde,3/30/2022 9:01,3/30/2022 9:01
295,"6,1,8,1,6,1,8,1",CH2OHCH2OH,ethylene glycol,3/30/2022 9:01,3/30/2022 9:01
296,"6,1,6,6,1",CH3CCH,propyne,3/30/2022 9:01,3/30/2022 9:01
297,"6,1,6,1,6,1,6,1",CH3CHCHCH3,2-butene,3/30/2022 9:01,3/30/2022 9:01
298,"6,1,6,1,6,1",CH3CHCH2,propene,3/30/2022 9:01,3/30/2022 9:01
299,"6,1,6,1,8",CH3CHO,acetaldehyde,3/30/2022 9:01,3/30/2022 9:01
300,"6,1,6,1,35",CH3CH2Br,bromoethane,3/30/2022 9:01,3/30/2022 9:01
301,"6,1,6,1,6,1,6,1,8,1",CH3CH2CH2CH2OH,butan-1-ol,3/30/2022 9:01,3/30/2022 9:01
302,"6,1,6,1,6,1,8,1",CH3CH2CH2OH,1-propanol,3/30/2022 9:01,3/30/2022 9:01
303,"6,1,6,1,6,1,8,1",CH3CH2CH2OH,propan-1-ol,3/30/2022 9:01,3/30/2022 9:01
304,"6,1,6,1,6,8,7,1",CH3CH2CONH2,propanamide,3/30/2022 9:01,3/30/2022 9:01
305,"6,1,6,1,6,8,8,1",CH3CH2COOH,propionic acid,3/30/2022 9:01,3/30/2022 9:01
306,"6,1,6,1,8,6,1,6,1",CH3CH2OCH2CH3,diethyl ether,3/30/2022 9:01,3/30/2022 9:01
307,"6,1,6,1,8,6,1,6,1",CH3CH2OCH2CH3,ethoxyethane,3/30/2022 9:01,3/30/2022 9:01
308,"6,1,6,1,8,1",CH3CH2OH,ethanol,3/30/2022 9:01,3/30/2022 9:01
309,"6,1,6,1,6,8,8,1",CH3(CH2)16COOH,stearic acid,3/30/2022 9:01,3/30/2022 9:01
310,"6,1,6,8,6,1",CH3COCH3,acetone,3/30/2022 9:01,3/30/2022 9:01
311,"6,1,6,8,17",CH3COCl,acetyl chloride,3/30/2022 9:01,3/30/2022 9:01
312,"6,1,6,8,7,1",CH3CONH2,acetamide,3/30/2022 9:01,3/30/2022 9:01
313,"6,1,6,8,7,1",CH3CONH2,ethanamide,3/30/2022 9:01,3/30/2022 9:01
314,"6,1,6,8,8",CH3COO?,acetate ion,3/30/2022 9:01,3/30/2022 9:01
315,"6,1,6,8,8,6,1,6,1",CH3COOCHCH2,vinyl acetate,3/30/2022 9:01,3/30/2022 9:01
316,"6,1,6,8,8,6,1,6,1",CH3COOCH2C6H5,benzyl acetate,3/30/2022 9:01,3/30/2022 9:01
317,"6,1,6,8,8,6,1,6,1,6,1",CH3COO(CH2)2CH(CH3)2,isoamyl acetate,3/30/2022 9:01,3/30/2022 9:01
318,"6,1,6,8,8,1",CH3COOH,acetic acid,3/30/2022 9:01,3/30/2022 9:01
319,"6,1,6,8,8,1",CH3COOH,ethanoic acid,3/30/2022 9:01,3/30/2022 9:01
320,"6,1,17",CH3Cl,chloromethane,3/30/2022 9:01,3/30/2022 9:01
321,"6,1,17",CH3Cl,methyl chloride,3/30/2022 9:01,3/30/2022 9:01
322,"6,1,53",CH3I,iodomethane,3/30/2022 9:01,3/30/2022 9:01
323,"6,1,53",CH3I,methyl iodide,3/30/2022 9:01,3/30/2022 9:01
324,"6,1,8,6,1",CH3OCH3,dimethyl ether,3/30/2022 9:01,3/30/2022 9:01
325,"6,1,8,1",CH3OH,methanol,3/30/2022 9:01,3/30/2022 9:01
326,"6,1,16,6,1",CH3SCH3,dimethyl sulfide,3/30/2022 9:01,3/30/2022 9:01
327,"6,1,16,6,1",CH3SCH3,DMS,3/30/2022 9:01,3/30/2022 9:01
328,"6,1,16,1",CH3SH,methanethiol,3/30/2022 9:01,3/30/2022 9:01
329,"6,1,6,1,8,1",(CH3)2CHOH,isopropyl alcohol,3/30/2022 9:01,3/30/2022 9:01
330,"6,1,6,1,8,1",(CH3)2CHOH,2-propanol,3/30/2022 9:01,3/30/2022 9:01
331,"6,1,6,1,8,1",(CH3)2CHOH,propan-2-ol,3/30/2022 9:01,3/30/2022 9:01
332,"6,1,6,1,8,1",(CH3)2CHOH,isopropanol,3/30/2022 9:01,3/30/2022 9:01
333,"6,1,6,8",(CH3)2CO,acetone,3/30/2022 9:01,3/30/2022 9:01
334,"6,1,6,8",(CH3)2C2O4,dimethyl oxalate,3/30/2022 9:01,3/30/2022 9:01
335,"6,1,7,7,1",(CH3)2NNH2,dimethyl hydrazine,3/30/2022 9:01,3/30/2022 9:01
336,"6,1,16,6,1,6,1,6,8,8",(CH3)2S+CH2CH2COO?,dimethylsulfoniopropionate,3/30/2022 9:01,3/30/2022 9:01
337,"6,1,16,6,1,6,1,6,8,8",(CH3)2S+CH2CH2COO?,DMSP,3/30/2022 9:01,3/30/2022 9:01
338,"6,1,6,17",(CH3)3CCl,t-butyl chloride,3/30/2022 9:01,3/30/2022 9:01
339,"6,1,6,8,1",(CH)3COH,t-butyl alcohol,3/30/2022 9:01,3/30/2022 9:01
340,"6,1,6,8,8,6,6,1",(CH3)3COOC(CH3)3,di-t-butyl peroxide,3/30/2022 9:01,3/30/2022 9:01
341,"6,1,6,8,8,6,6,1",(CH3)3COOC(CH3)3,DTBP,3/30/2022 9:01,3/30/2022 9:01
342,"6,1",CH4,methane,3/30/2022 9:01,3/30/2022 9:01
343,"6,1",CH4,natural gas,3/30/2022 9:01,3/30/2022 9:01
344,"6,7",CN?,cyanide ion,3/30/2022 9:01,3/30/2022 9:01
345,"6,7,1,7,8",C(NH2)3NO3,guanidine nitrate,3/30/2022 9:01,3/30/2022 9:01
346,"6,7,8",CNO?,cyanate ion,3/30/2022 9:01,3/30/2022 9:01
347,"6,8",CO,carbon monoxide,3/30/2022 9:01,3/30/2022 9:01
348,"6,8,17",COCl2,phosgene,3/30/2022 9:01,3/30/2022 9:01
349,"6,8",CO2,carbon dioxide,3/30/2022 9:01,3/30/2022 9:01
350,"6,8",CO3,carbon trioxide,3/30/2022 9:01,3/30/2022 9:01
351,"6,8",CO32?,carbonate ion,3/30/2022 9:01,3/30/2022 9:01
352,"6,16",CS2,carbon disulfide,3/30/2022 9:01,3/30/2022 9:01
353,"6,9",C2F4,tetrafluoroethylene,3/30/2022 9:01,3/30/2022 9:01
354,"6,1",C2H2,acetylene,3/30/2022 9:01,3/30/2022 9:01
355,"6,1,17",C2H3Cl,vinyl chloride,3/30/2022 9:01,3/30/2022 9:01
356,"6,1,8",C2H3O2?,acetate ion,3/30/2022 9:01,3/30/2022 9:01
357,"6,1",C2H4,ethylene,3/30/2022 9:01,3/30/2022 9:01
358,"6,1,17",C2H4Cl2,ethylene dichloride,3/30/2022 9:01,3/30/2022 9:01
359,"6,1,8",C2H4O2,acetic acid,3/30/2022 9:01,3/30/2022 9:01
360,"6,1,35",C2H5Br,bromoethane,3/30/2022 9:01,3/30/2022 9:01
361,"6,1,7,1",C2H5NH2,ethylamine,3/30/2022 9:01,3/30/2022 9:01
362,"6,1,7,8",C2H5NO2,glycine,3/30/2022 9:01,3/30/2022 9:01
363,"6,1,7,8",C2H5NO2,Gly,3/30/2022 9:01,3/30/2022 9:01
364,"6,1,8",C2H5O?,ethoxide ion,3/30/2022 9:01,3/30/2022 9:01
365,"6,1,8,1",C2H5OH,ethanol,3/30/2022 9:01,3/30/2022 9:01
366,"6,1,8,1",C2H5OH,ethyl alcohol,3/30/2022 9:01,3/30/2022 9:01
367,"6,1,7,1",(C2H5)2NH,diethylamine,3/30/2022 9:01,3/30/2022 9:01
368,"6,1",C2H6,ethane,3/30/2022 9:01,3/30/2022 9:01
369,"6,1,8,16",C2H6OS,dimethyl sulfoxide,3/30/2022 9:01,3/30/2022 9:01
370,"6,1,8,16",C2H6OS,DMSO,3/30/2022 9:01,3/30/2022 9:01
371,"6,8",C2O42?,oxalate ion,3/30/2022 9:01,3/30/2022 9:01
372,"6,1,8",C3H3O4?,malonate ion,3/30/2022 9:01,3/30/2022 9:01
373,"6,1,7,8",C3H5N3O9,nitroglycerine,3/30/2022 9:01,3/30/2022 9:01
374,"6,1",C3H6,cyclopropane,3/30/2022 9:01,3/30/2022 9:01
375,ropylene,propylene,115-07-1,3/30/2022 9:01,3/30/2022 9:01
376,"6,1,7,8",C3H7NO2,alanine,3/30/2022 9:01,3/30/2022 9:01
377,"6,1,7,8",C3H7NO2,Ala,3/30/2022 9:01,3/30/2022 9:01
378,"6,1,7,8,16",C3H7NO2S,cysteine,3/30/2022 9:01,3/30/2022 9:01
379,"6,1,7,8,16",C3H7NO2S,Cys,3/30/2022 9:01,3/30/2022 9:01
380,"6,1,7,8",C3H7NO3,serine,3/30/2022 9:01,3/30/2022 9:01
381,"6,1,7,8",C3H7NO3,Ser,3/30/2022 9:01,3/30/2022 9:01
382,"6,1",C3H8,propane,3/30/2022 9:01,3/30/2022 9:01
383,"6,1,8",C3H8O,propanol,3/30/2022 9:01,3/30/2022 9:01
384,"6,1,8",C3H8O,1-propanol,3/30/2022 9:01,3/30/2022 9:01
385,ropanol,2-propanol,67-63-0,3/30/2022 9:01,3/30/2022 9:01
386,"6,7,8,1",C3N3(OH)3,cyanuric acid,3/30/2022 9:01,3/30/2022 9:01
387,"6,7",C3N12,cyanuric triazide,3/30/2022 9:01,3/30/2022 9:01
388,"6,1,35,8",C4H7BrO2,2-bromobutyric acid,3/30/2022 9:01,3/30/2022 9:01
389,"romobutyric,acid",4-bromobutyric acid,2623-87-2,3/30/2022 9:01,3/30/2022 9:01
390,"bromoisobutyric,acid",?-bromoisobutyric acid,1/9/2052,3/30/2022 9:01,3/30/2022 9:01
391,"thyl,bromoacetate",ethyl bromoacetate,105-36-2,3/30/2022 9:01,3/30/2022 9:01
392,"6,1,7,8",C4H7NO4,aspartic acid,3/30/2022 9:01,3/30/2022 9:01
393,"6,1,7,8",C4H7NO4,Asp,3/30/2022 9:01,3/30/2022 9:01
394,"6,1",C4H8,cyclobutane,3/30/2022 9:01,3/30/2022 9:01
395,"6,1,7,8",C4H8N2O3,asparagine,3/30/2022 9:01,3/30/2022 9:01
396,"6,1,7,8",C4H8N2O3,Asn,3/30/2022 9:01,3/30/2022 9:01
397,"6,1,8",C4H8O,tetrahydrofuran,3/30/2022 9:01,3/30/2022 9:01
398,"6,1,8",C4H8O,THF,3/30/2022 9:01,3/30/2022 9:01
399,"6,1,7,8",C4H9NO3,threonine,3/30/2022 9:01,3/30/2022 9:01
400,"6,1,7,8",C4H9NO3,Thr,3/30/2022 9:01,3/30/2022 9:01
401,"6,1,8,1",C4H9OH,butyl alcohol,3/30/2022 9:01,3/30/2022 9:01
402,"6,1",C4H10,butane,3/30/2022 9:01,3/30/2022 9:01
403,ethylpropane,2-methylpropane,75-28-5,3/30/2022 9:01,3/30/2022 9:01
404,"6,1,8",C4H10O,diethyl ether,3/30/2022 9:01,3/30/2022 9:01
405,"6,1,7,6,8,8,1",C5H4NCOOH,niacin,3/30/2022 9:01,3/30/2022 9:01
406,"6,1",C5H5?,cyclopentadienyl anion,3/30/2022 9:01,3/30/2022 9:01
407,"6,1,7",C5H5N,pyridine,3/30/2022 9:01,3/30/2022 9:01
408,"6,1,7,8",C5H9NO2,proline,3/30/2022 9:01,3/30/2022 9:01
409,"6,1,7,8",C5H9NO2,Pro,3/30/2022 9:01,3/30/2022 9:01
410,"6,1,7,8",C5H9NO4,glutamic acid,3/30/2022 9:01,3/30/2022 9:01
411,"6,1,7,8",C5H9NO4,Glu,3/30/2022 9:01,3/30/2022 9:01
412,"6,1",C5H10,cyclopentane,3/30/2022 9:01,3/30/2022 9:01
413,"6,1,7,8",C5H10N2O3,glutamine,3/30/2022 9:01,3/30/2022 9:01
414,"6,1,7,8",C5H10N2O3,Gln,3/30/2022 9:01,3/30/2022 9:01
415,"6,1,8",C5H10O4,deoxyribose,3/30/2022 9:01,3/30/2022 9:01
416,"6,1,7,8",C5H11NO2,valine,3/30/2022 9:01,3/30/2022 9:01
417,"6,1,7,8",C5H11NO2,Val,3/30/2022 9:01,3/30/2022 9:01
418,"6,1,7,8,16",C5H11NO2S,methionine,3/30/2022 9:01,3/30/2022 9:01
419,"6,1,7,8,16",C5H11NO2S,Met,3/30/2022 9:01,3/30/2022 9:01
420,"6,1",C5H12,pentane,3/30/2022 9:01,3/30/2022 9:01
421,"6,9,6,8,8,1",C6F5COOH,pentafluorobenzoic acid,3/30/2022 9:01,3/30/2022 9:01
422,"6,1,8",C6H4O2,orthobenzoquinone,3/30/2022 9:01,3/30/2022 9:01
423,arabenzoquinone,parabenzoquinone,106-51-4,3/30/2022 9:01,3/30/2022 9:01
424,uinone,quinone,106-51-4,3/30/2022 9:01,3/30/2022 9:01
425,"6,1,6,1,8",C6H5CHO,benzaldehyde,3/30/2022 9:01,3/30/2022 9:01
426,"6,1,6,1,8,1",C6H5CH2OH,benzyl alcohol,3/30/2022 9:01,3/30/2022 9:01
427,"6,1,6,8,17",C6H5COCl,benzoyl chloride,3/30/2022 9:01,3/30/2022 9:01
428,"6,1,6,8,8",C6H5COO?,benzoate ion,3/30/2022 9:01,3/30/2022 9:01
429,"6,1,6,8,8,1",C6H5COOH,benzoic acid,3/30/2022 9:01,3/30/2022 9:01
430,"6,1,9",C6H5F,fluorobenzene,3/30/2022 9:01,3/30/2022 9:01
431,"6,1,8,1",C6H5OH,phenol,3/30/2022 9:01,3/30/2022 9:01
432,"6,1,8",C6H5O73?,citrate ion,3/30/2022 9:01,3/30/2022 9:01
433,"6,1,32",(C6H5)4Ge,tetraphenylgermane,3/30/2022 9:01,3/30/2022 9:01
434,"6,1",C6H6,benzene,3/30/2022 9:01,3/30/2022 9:01
435,"6,1,8",C6H6O2,catechol,3/30/2022 9:01,3/30/2022 9:01
436,enzenediols,(benzenediols),catechol,3/30/2022 9:01,3/30/2022 9:01
437,ydroquinone,hydroquinone,123-31-9,3/30/2022 9:01,3/30/2022 9:01
438,esorcinol,resorcinol,108-46-3,3/30/2022 9:01,3/30/2022 9:01
439,"6,1,8",C6H8O7,citric acid,3/30/2022 9:01,3/30/2022 9:01
440,"6,1,7,8",C6H9N3O2,histidine,3/30/2022 9:01,3/30/2022 9:01
441,"6,1,7,8",C6H9N3O2,His,3/30/2022 9:01,3/30/2022 9:01
442,"6,1,8",C6H10O3,4-acetylbutyric acid,3/30/2022 9:01,3/30/2022 9:01
443,"utyl,glyoxylate",butyl glyoxylate,6/3/6295,3/30/2022 9:01,3/30/2022 9:01
444,"thyl,acetoacetate",ethyl acetoacetate,141-97-9,3/30/2022 9:01,3/30/2022 9:01
445,"ydroxypropyl,acrylate",2-hydroxypropyl acrylate,25584-83-2,3/30/2022 9:01,3/30/2022 9:01
446,antolactone,pantolactone,599-04-2,3/30/2022 9:01,3/30/2022 9:01
447,"ropyl,pyruvate",propyl pyruvate,,3/30/2022 9:01,3/30/2022 9:01
448,"6,1",C6H12,cyclohexane,3/30/2022 9:01,3/30/2022 9:01
449,"6,1,8",C6H12O6,fructose,3/30/2022 9:01,3/30/2022 9:01
450,lucose,glucose,50-99-7,3/30/2022 9:01,3/30/2022 9:01
451,"6,1,7,8",C6H13NO,N-ethylmorpholine,3/30/2022 9:01,3/30/2022 9:01
452,"6,1,7,8",C6H13NO2,isoleucine,3/30/2022 9:01,3/30/2022 9:01
453,"6,1,7,8",C6H13NO2,Ile,3/30/2022 9:01,3/30/2022 9:01
454,eucine,leucine,61-90-5,3/30/2022 9:01,3/30/2022 9:01
455,Leu,Leu,61-90-5,3/30/2022 9:01,3/30/2022 9:01
456,"6,1",C6H14,hexane,3/30/2022 9:01,3/30/2022 9:01
457,"6,1,7,8",C6H14N2O2,lysine,3/30/2022 9:01,3/30/2022 9:01
458,"6,1,7,8",C6H14N2O2,Lys,3/30/2022 9:01,3/30/2022 9:01
459,"6,1,7,8",C6H14N4O2,arginine,3/30/2022 9:01,3/30/2022 9:01
460,"6,1,7,8",C6H14N4O2,Arg,3/30/2022 9:01,3/30/2022 9:01
461,"6,1",C7H8,toluene,3/30/2022 9:01,3/30/2022 9:01
462,"6,1",C7H16,heptane,3/30/2022 9:01,3/30/2022 9:01
463,"6,1",C8H8,cubane,3/30/2022 9:01,3/30/2022 9:01
464,"6,1,7,8",C8H9NO2,acetaminophen,3/30/2022 9:01,3/30/2022 9:01
465,"6,1",C8H18,octane,3/30/2022 9:01,3/30/2022 9:01
466,"6,1,8",C9H8O4,acetylsalicylic acid,3/30/2022 9:01,3/30/2022 9:01
467,"6,1,8",C9H8O4,aspirin,3/30/2022 9:01,3/30/2022 9:01
468,"6,1,7,8",C9H11NO2,phenylalanine,3/30/2022 9:01,3/30/2022 9:01
469,"6,1,7,8",C9H11NO2,Phe,3/30/2022 9:01,3/30/2022 9:01
470,"6,1,7,8",C9H11NO3,tyrosine,3/30/2022 9:01,3/30/2022 9:01
471,"6,1,7,8",C9H11NO3,Tyr,3/30/2022 9:01,3/30/2022 9:01
472,"6,1",C9H20,nonane,3/30/2022 9:01,3/30/2022 9:01
473,"6,1",C10H8,naphthalene,3/30/2022 9:01,3/30/2022 9:01
474,"6,1,8",C10H14O,mentha spicata herb oil,3/30/2022 9:01,3/30/2022 9:01
475,"6,1,8,7",C10H15ON,ephedrine,3/30/2022 9:01,3/30/2022 9:01
476,"6,1,8",C10H16O,camphor,3/30/2022 9:01,3/30/2022 9:01
477,"6,1",C10H22,decane,3/30/2022 9:01,3/30/2022 9:01
478,"6,1,7,8",C11H12N2O2,tryptophan,3/30/2022 9:01,3/30/2022 9:01
479,"6,1,7,8",C11H12N2O2,Trp,3/30/2022 9:01,3/30/2022 9:01
480,"6,1",C11H24,undecane,3/30/2022 9:01,3/30/2022 9:01
481,"6,1",C12H10,biphenyl,3/30/2022 9:01,3/30/2022 9:01
482,"6,1,8",C12H22O11,maltose,3/30/2022 9:01,3/30/2022 9:01
483,ucrose,sucrose,57-50-1,3/30/2022 9:01,3/30/2022 9:01
484,"6,1",C12H26,dodecane,3/30/2022 9:01,3/30/2022 9:01
485,"6,1,8",C13H10O,benzophenone,3/30/2022 9:01,3/30/2022 9:01
486,"6,1,8",C13H12O,?-ionone,3/30/2022 9:01,3/30/2022 9:01
487,"6,1",C13H28,tridecane,3/30/2022 9:01,3/30/2022 9:01
488,"6,1",C14H10,anthracene,3/30/2022 9:01,3/30/2022 9:01
489,"6,1,8",C14H10O14,benzoyl peroxide,3/30/2022 9:01,3/30/2022 9:01
490,"6,1,7,8",C14H18N2O5,aspartame,3/30/2022 9:01,3/30/2022 9:01
491,"6,1",C14H30,tetradecane,3/30/2022 9:01,3/30/2022 9:01
492,"6,1",C15H32,pentadecane,3/30/2022 9:01,3/30/2022 9:01
493,"6,1",C16H34,hexadecane,3/30/2022 9:01,3/30/2022 9:01
494,"6,1",C17H36,heptadecane,3/30/2022 9:01,3/30/2022 9:01
495,"6,1,8",C18H32O2,linoleic acid,3/30/2022 9:01,3/30/2022 9:01
496,"6,1,8",C18H36O2,stearic acid,3/30/2022 9:01,3/30/2022 9:01
497,"6,1",C18H38,octadecane,3/30/2022 9:01,3/30/2022 9:01
498,"6,1",C19H40,nonadecane,3/30/2022 9:01,3/30/2022 9:01
499,"6,1,8,7",C20H24O2N2,quinine,3/30/2022 9:01,3/30/2022 9:01
500,"6,1",C20H42,eicosane,3/30/2022 9:01,3/30/2022 9:01
501,"6,1,7,8,15,16",C21H36N7O16P3S,Coenzyme A,3/30/2022 9:01,3/30/2022 9:01
502,"6,1,11,8,16",C164H256Na2O68S2,maitotoxin,3/30/2022 9:01,3/30/2022 9:01
503,"17,8",Cl2O8,Chlorine octaoxide,3/30/2022 9:01,3/30/2022 9:01
504,"20,5",CaB6,calcium boride,3/30/2022 9:01,3/30/2022 9:01
505,"20,35",CaBr2,calcium bromide,3/30/2022 9:01,3/30/2022 9:01
506,"20,6,7",Ca(CN)2,calcium cyanide,3/30/2022 9:01,3/30/2022 9:01
507,"20,6,8",CaCO3,calcium carbonate,3/30/2022 9:01,3/30/2022 9:01
508,"20,6,8",CaCO3,spent lime,3/30/2022 9:01,3/30/2022 9:01
509,"20,6,8",CaCO3,calcite,3/30/2022 9:01,3/30/2022 9:01
510,"20,6,8",CaCO3,limestone,3/30/2022 9:01,3/30/2022 9:01
511,"20,6,8",CaCO3,marble,3/30/2022 9:01,3/30/2022 9:01
512,"20,6",CaC2,calcium carbide,3/30/2022 9:01,3/30/2022 9:01
513,"20,6,1,8",Ca(CHO2)2,calcium formate,3/30/2022 9:01,3/30/2022 9:01
514,"20,6,1,8",Ca(C2H3O2)2,calcium acetate,3/30/2022 9:01,3/30/2022 9:01
515,"20,6,8",CaC2O4,calcium oxalate,3/30/2022 9:01,3/30/2022 9:01
516,"20,6,7",CaCN2,calcium cyanamide,3/30/2022 9:01,3/30/2022 9:01
517,"20,17",CaCl2,calcium chloride,3/30/2022 9:01,3/30/2022 9:01
518,"20,17,8",Ca(ClO3)2,calcium chlorate,3/30/2022 9:01,3/30/2022 9:01
519,"20,17,8",Ca(ClO4)2,calcium perchlorate,3/30/2022 9:01,3/30/2022 9:01
520,"20,9",CaF2,calcium fluoride,3/30/2022 9:01,3/30/2022 9:01
521,"20,9",CaF2,fluorite,3/30/2022 9:01,3/30/2022 9:01
522,"20,1",CaH2,calcium hydride,3/30/2022 9:01,3/30/2022 9:01
523,"20,1,15,8",Ca(H2PO2)2,calcium hypophosphite,3/30/2022 9:01,3/30/2022 9:01
524,"20,53",CaI2,calcium iodide,3/30/2022 9:01,3/30/2022 9:01
525,"20,53,8",Ca(IO3)2,calcium iodate,3/30/2022 9:01,3/30/2022 9:01
526,"20,42,8",CaMoO4,calcium molybdate,3/30/2022 9:01,3/30/2022 9:01
527,"20,7,8",Ca(NO2)2,calcium nitrite,3/30/2022 9:01,3/30/2022 9:01
528,"20,7,8",Ca(NO3)2,calcium nitrate,3/30/2022 9:01,3/30/2022 9:01
529,"20,7,8,1,8",Ca(NO3)2 · 4H2O,Calcium nitrate tetrahydrate,3/30/2022 9:01,3/30/2022 9:01
530,"20,41,8",Ca(NbO3)2,calcium metaniobate,3/30/2022 9:01,3/30/2022 9:01
531,"20,8",CaO,quicklime,3/30/2022 9:01,3/30/2022 9:01
532,"20,8",CaO,calcium oxide,3/30/2022 9:01,3/30/2022 9:01
533,"20,8",CaO,burnt lime,3/30/2022 9:01,3/30/2022 9:01
534,"20,17,8",Ca(ClO)2,calcium hypochlorite,3/30/2022 9:01,3/30/2022 9:01
535,"20,8,1",Ca(OH)2,calcium hydroxide,3/30/2022 9:01,3/30/2022 9:01
536,"20,8,1",Ca(OH)2,slaked lime,3/30/2022 9:01,3/30/2022 9:01
537,"20,8",CaO2,calcium peroxide,3/30/2022 9:01,3/30/2022 9:01
538,"20,16",CaS,calcium sulfide,3/30/2022 9:01,3/30/2022 9:01
539,"20,16",CaS,hepar calcies,3/30/2022 9:01,3/30/2022 9:01
540,"20,16",CaS,sulfurated lime,3/30/2022 9:01,3/30/2022 9:01
541,"20,16",CaS,oldhamite,3/30/2022 9:01,3/30/2022 9:01
542,"20,16,8",CaSO4,calcium sulfate,3/30/2022 9:01,3/30/2022 9:01
543,"20,16,8",CaSO4,whiskers crystal,3/30/2022 9:01,3/30/2022 9:01
544,"20,16,8,1,8",CaSO4 · 0.5H2O,plaster of paris,3/30/2022 9:01,3/30/2022 9:01
545,"20,16,8,1,8",CaSO4 · 0.5H2O,calcium sulfate hemihydrate,3/30/2022 9:01,3/30/2022 9:01
546,"20,34",CaSe,calcium selenide,3/30/2022 9:01,3/30/2022 9:01
547,"20,34,8",CaSeO3,calcium selenite,3/30/2022 9:01,3/30/2022 9:01
548,"20,34,8",CaSeO4,calcium selenate,3/30/2022 9:01,3/30/2022 9:01
549,"20,14,8",CaSiO3,calcium metasilicate,3/30/2022 9:01,3/30/2022 9:01
550,"20,14,8",CaSiO3,wollastonite,3/30/2022 9:01,3/30/2022 9:01
551,"20,52",CaTe,calcium telluride,3/30/2022 9:01,3/30/2022 9:01
552,"20,52,8",CaTeO3,calcium tellurite,3/30/2022 9:01,3/30/2022 9:01
553,"20,52,8",CaTeO4,calcium tellurate,3/30/2022 9:01,3/30/2022 9:01
554,"20,22,8",CaTiO3,calcium titanate,3/30/2022 9:01,3/30/2022 9:01
555,"20,23,8",Ca(VO3)2,calcium metavanadate,3/30/2022 9:01,3/30/2022 9:01
556,"20,23,8",Ca(VO4)2,calcium orthovanadate,3/30/2022 9:01,3/30/2022 9:01
557,"20,74,8",CaWO4,calcium tungstate,3/30/2022 9:01,3/30/2022 9:01
558,"20,7",Ca3N2,calcium nitride,3/30/2022 9:01,3/30/2022 9:01
559,"20,15",Ca3P2,calcium phosphide,3/30/2022 9:01,3/30/2022 9:01
560,"48,35",CdBr2,cadmium bromide,3/30/2022 9:01,3/30/2022 9:01
561,"48,6,7",Cd(CN)2,cadmium cyanide,3/30/2022 9:01,3/30/2022 9:01
562,"48,6,8",CdCO3,cadmium carbonate,3/30/2022 9:01,3/30/2022 9:01
563,"48,6,1,8",Cd(C2H3O2)2,cadmium acetate,3/30/2022 9:01,3/30/2022 9:01
564,"48,6,8",CdC2O4,cadmium oxalate,3/30/2022 9:01,3/30/2022 9:01
565,"48,17",CdCl2,cadmium chloride,3/30/2022 9:01,3/30/2022 9:01
566,"48,24,8",CdCrO4,cadmium chromate,3/30/2022 9:01,3/30/2022 9:01
567,"48,9",CdF2,cadmium fluoride,3/30/2022 9:01,3/30/2022 9:01
568,"48,53",CdI2,cadmium iodide,3/30/2022 9:01,3/30/2022 9:01
569,"48,53,8",Cd(IO3)2,cadmium iodate,3/30/2022 9:01,3/30/2022 9:01
570,"48,42,8",CdMoO4,cadmium molybdate,3/30/2022 9:01,3/30/2022 9:01
571,"48,7,8",Cd(NO3)2,cadmium nitrate,3/30/2022 9:01,3/30/2022 9:01
572,"48,7",Cd(N3)2,cadmium azide,3/30/2022 9:01,3/30/2022 9:01
573,"48,8",CdO,cadmium oxide,3/30/2022 9:01,3/30/2022 9:01
574,"48,8,1",Cd(OH)2,cadmium hydroxide,3/30/2022 9:01,3/30/2022 9:01
575,"48,16",CdS,cadmium sulfide,3/30/2022 9:01,3/30/2022 9:01
576,"48,16",CdS,greenockite,3/30/2022 9:01,3/30/2022 9:01
577,"48,16,8",CdSO3,cadmium sulfite,3/30/2022 9:01,3/30/2022 9:01
578,"48,16,8",CdSO4,cadmium sulfate,3/30/2022 9:01,3/30/2022 9:01
579,"48,51",CdSb,cadmium antimonide,3/30/2022 9:01,3/30/2022 9:01
580,"48,34",CdSe,cadmium selenide,3/30/2022 9:01,3/30/2022 9:01
581,"48,34",CdSe,cadmoselite,3/30/2022 9:01,3/30/2022 9:01
582,"48,34,8",CdSeO3,cadmium selenite,3/30/2022 9:01,3/30/2022 9:01
583,"48,14,8",CdSiO3,cadmium metasilicate,3/30/2022 9:01,3/30/2022 9:01
584,"48,73,8",Cd(TaO3)2,cadmium metatantalate,3/30/2022 9:01,3/30/2022 9:01
585,"48,52",CdTe,cadmium telluride,3/30/2022 9:01,3/30/2022 9:01
586,"48,52,8",CdTeO4,cadmium tellurate,3/30/2022 9:01,3/30/2022 9:01
587,"48,22,8",CdTiO3,cadmium titanate,3/30/2022 9:01,3/30/2022 9:01
588,"48,74,8",CdWO4,cadmium tungstate,3/30/2022 9:01,3/30/2022 9:01
589,"48,40,8",CdZrO3,cadmium metazirconate,3/30/2022 9:01,3/30/2022 9:01
590,"48,41,8",Cd2Nb2O7,cadmium niobate,3/30/2022 9:01,3/30/2022 9:01
591,"48,33",Cd3As2,cadmium arsenide,3/30/2022 9:01,3/30/2022 9:01
592,"48,15",Cd3P2,cadmium phosphide,3/30/2022 9:01,3/30/2022 9:01
593,"48,15,8",Cd3(PO4)2,cadmium phosphate,3/30/2022 9:01,3/30/2022 9:01
594,"58,5",CeB6,cerium boride,3/30/2022 9:01,3/30/2022 9:01
595,"58,35",CeBr3,cerium(III) bromide,3/30/2022 9:01,3/30/2022 9:01
596,"58,6",CeC,cerium carbide,3/30/2022 9:01,3/30/2022 9:01
597,"58,17",CeCl3,cerium(III) chloride,3/30/2022 9:01,3/30/2022 9:01
598,"58,9",CeF3,cerium(III) fluoride,3/30/2022 9:01,3/30/2022 9:01
599,"58,9",CeF4,cerium(IV) fluoride,3/30/2022 9:01,3/30/2022 9:01
600,"58,53",CeI2,cerium(II) iodide,3/30/2022 9:01,3/30/2022 9:01
601,"58,53",CeI3,cerium(III) iodide,3/30/2022 9:01,3/30/2022 9:01
602,"58,7",CeN,cerium nitride,3/30/2022 9:01,3/30/2022 9:01
603,"58,8",CeO2,cerium(IV) oxide,3/30/2022 9:01,3/30/2022 9:01
604,"58,8",CeO2,cerianite,3/30/2022 9:01,3/30/2022 9:01
605,"58,16",CeS,cerium(II) sulfide,3/30/2022 9:01,3/30/2022 9:01
606,"58,16,8",Ce(SO4)2,cerium(IV) sulfate,3/30/2022 9:01,3/30/2022 9:01
607,"58,14",CeSi2,cerium silicide,3/30/2022 9:01,3/30/2022 9:01
608,"58,6",Ce2C3,cerium(III) carbide,3/30/2022 9:01,3/30/2022 9:01
609,"58,8",Ce2O3,cerium(III) oxide,3/30/2022 9:01,3/30/2022 9:01
610,"58,16",Ce2S3,cerium(III) sulfide,3/30/2022 9:01,3/30/2022 9:01
611,"17,9",ClF,chlorine fluoride,3/30/2022 9:01,3/30/2022 9:01
612,"17,9",ClF3,chlorine trifluoride,3/30/2022 9:01,3/30/2022 9:01
613,"17,9",ClF5,chlorine pentafluoride,3/30/2022 9:01,3/30/2022 9:01
614,"17,8,17,8",ClOClO3,chlorine perchlorate,3/30/2022 9:01,3/30/2022 9:01
615,"17,8",ClO2,chlorine dioxide,3/30/2022 9:01,3/30/2022 9:01
616,"17,8,9",ClO3F,chlorine trioxide fluoride,3/30/2022 9:01,3/30/2022 9:01
617,17,Cl2,chlorine,3/30/2022 9:01,3/30/2022 9:01
618,"17,8",Cl2O3,chlorine trioxide,3/30/2022 9:01,3/30/2022 9:01
619,"17,8",Cl2O6,chlorine hexoxide,3/30/2022 9:01,3/30/2022 9:01
620,"17,8",Cl2O7,chlorine heptoxide,3/30/2022 9:01,3/30/2022 9:01
621,"27,13,8",CoAl2O4,cobalt(II) aluminate,3/30/2022 9:01,3/30/2022 9:01
622,"27,33",CoAs,cobalt arsenide,3/30/2022 9:01,3/30/2022 9:01
623,"27,33",CoAs2,cobalt(II) arsenide,3/30/2022 9:01,3/30/2022 9:01
624,"27,5",CoB,cobalt(II) boride,3/30/2022 9:01,3/30/2022 9:01
625,"27,35",CoBr2,cobalt(II) bromide,3/30/2022 9:01,3/30/2022 9:01
626,"27,6,7",Co(CN)2,cobalt(II) cyanide,3/30/2022 9:01,3/30/2022 9:01
627,"27,6,1,8",Co(C2H3O2)2,cobalt(II) acetate,3/30/2022 9:01,3/30/2022 9:01
628,"27,6,1,8",Co(C2H3O2)3,cobalt(III) acetate,3/30/2022 9:01,3/30/2022 9:01
629,"27,6,8",CoC2O4,cobalt(II) oxalate,3/30/2022 9:01,3/30/2022 9:01
630,"27,17,8",Co(ClO4)2,cobalt(II) perchlorate,3/30/2022 9:01,3/30/2022 9:01
631,"27,17",CoCl2,cobalt(II) chloride,3/30/2022 9:01,3/30/2022 9:01
632,"27,24,8",CoCrO4,cobalt(II) chromate,3/30/2022 9:01,3/30/2022 9:01
633,"27,24,8",CoCr2O4,cobalt(II) chromite,3/30/2022 9:01,3/30/2022 9:01
634,"27,9",CoF2,cobalt(II) fluoride,3/30/2022 9:01,3/30/2022 9:01
635,"27,9",CoF3,cobalt(III) fluoride,3/30/2022 9:01,3/30/2022 9:01
636,"27,53,8",Co(IO3)2,cobalt(II) iodate,3/30/2022 9:01,3/30/2022 9:01
637,"27,53",CoI2,cobalt(II) iodide,3/30/2022 9:01,3/30/2022 9:01
638,"27,42,8",CoMoO4,cobalt(II) molybdate,3/30/2022 9:01,3/30/2022 9:01
639,"27,7,8",Co(NO3)2,cobalt(II) nitrate,3/30/2022 9:01,3/30/2022 9:01
640,"27,7,8",Co(NO3)3,cobalt(III) nitrate,3/30/2022 9:01,3/30/2022 9:01
641,"27,8",CoO,cobalt(II) oxide,3/30/2022 9:01,3/30/2022 9:01
642,"27,8,1",Co(OH)2,cobalt(II) hydroxide,3/30/2022 9:01,3/30/2022 9:01
643,"27,8,1",Co(OH)3,cobalt(III) hydroxide,3/30/2022 9:01,3/30/2022 9:01
644,"27,16",CoS,cobalt(II) sulfide,3/30/2022 9:01,3/30/2022 9:01
645,"27,16",CoS2,cobalt disulfide,3/30/2022 9:01,3/30/2022 9:01
646,"27,51",CoSb,cobalt antimonide,3/30/2022 9:01,3/30/2022 9:01
647,"27,34",CoSe,cobalt(II) selenide,3/30/2022 9:01,3/30/2022 9:01
648,"27,34,8",CoSeO3,cobalt(II) selenite,3/30/2022 9:01,3/30/2022 9:01
649,"27,52",CoTe,cobalt(II) telluride,3/30/2022 9:01,3/30/2022 9:01
650,"27,22,8",CoTiO3,cobalt(II) titanate,3/30/2022 9:01,3/30/2022 9:01
651,"27,74,8",CoWO4,cobalt(II) tungstate,3/30/2022 9:01,3/30/2022 9:01
652,"27,5",Co2B,cobalt boride,3/30/2022 9:01,3/30/2022 9:01
653,"27,16,8",Co2SO4,cobalt(II) sulfate,3/30/2022 9:01,3/30/2022 9:01
654,"27,16",Co2S3,cobalt(III) sulfide,3/30/2022 9:01,3/30/2022 9:01
655,"27,14,8",Co2SiO4,cobalt(II) orthosilicate,3/30/2022 9:01,3/30/2022 9:01
656,"27,50,8",Co2SnO4,cobalt(II) stannate,3/30/2022 9:01,3/30/2022 9:01
657,"27,22,8",Co2TiO4,cobalt(II) titanite,3/30/2022 9:01,3/30/2022 9:01
658,"27,26,6,7",Co3(Fe(CN)6)2,cobalt(II) ferricyanide,3/30/2022 9:01,3/30/2022 9:01
659,"24,35",CrBr2,chromium(II) bromide,3/30/2022 9:01,3/30/2022 9:01
660,"24,35",CrBr3,chromium(III) bromide,3/30/2022 9:01,3/30/2022 9:01
661,"24,17",CrCl2,chromium(II) chloride,3/30/2022 9:01,3/30/2022 9:01
662,"24,17",CrCl3,chromium(III) chloride,3/30/2022 9:01,3/30/2022 9:01
663,"24,17",CrCl4,chromium(IV) chloride,3/30/2022 9:01,3/30/2022 9:01
664,"24,9",CrF2,chromium(II) fluoride,3/30/2022 9:01,3/30/2022 9:01
665,"24,9",CrF3,chromium(III) fluoride,3/30/2022 9:01,3/30/2022 9:01
666,"24,9",CrF4,chromium(IV) fluoride,3/30/2022 9:01,3/30/2022 9:01
667,"24,9",CrF5,chromium(V) fluoride,3/30/2022 9:01,3/30/2022 9:01
668,"24,9",CrF6,chromium(VI) fluoride,3/30/2022 9:01,3/30/2022 9:01
669,"24,53",CrI2,chromium(II) iodide,3/30/2022 9:01,3/30/2022 9:01
670,"24,53",CrI3,chromium(III) iodide,3/30/2022 9:01,3/30/2022 9:01
671,"24,7,8",Cr(NO3)3,chromium(III) nitrate,3/30/2022 9:01,3/30/2022 9:01
672,"24,7,8",Cr(NO2)3,chromium(III) nitrite,3/30/2022 9:01,3/30/2022 9:01
673,"24,8",CrO2,chromium(IV) oxide,3/30/2022 9:01,3/30/2022 9:01
674,"24,8",CrO3,chromium(VI) oxide,3/30/2022 9:01,3/30/2022 9:01
675,"24,8",CrO42?,chromate ion,3/30/2022 9:01,3/30/2022 9:01
676,"24,8,17",CrO2Cl2,chromium(VI) oxychloride,3/30/2022 9:01,3/30/2022 9:01
677,"24,15,8",CrPO4,chromium(III) phosphate,3/30/2022 9:01,3/30/2022 9:01
678,"24,51",CrSb,chromium antimonide,3/30/2022 9:01,3/30/2022 9:01
679,"24,23,8",CrVO4,chromium(III) orthovanadate,3/30/2022 9:01,3/30/2022 9:01
680,"24,8",Cr2O3,chromium(III) oxide,3/30/2022 9:01,3/30/2022 9:01
681,"24,8",Cr2O3,eskolaite,3/30/2022 9:01,3/30/2022 9:01
682,"24,16,8",Cr2(SO4)3,chromium(III) sulfate,3/30/2022 9:01,3/30/2022 9:01
683,"24,16",Cr2S3,chromium(III) sulfide,3/30/2022 9:01,3/30/2022 9:01
684,"24,34",Cr2Se3,chromium(III) selenide,3/30/2022 9:01,3/30/2022 9:01
685,"24,52,8",Cr2(TeO4)3,chromium(III) tellurate,3/30/2022 9:01,3/30/2022 9:01
686,"24,52",Cr2Te3,chromium(III) telluride,3/30/2022 9:01,3/30/2022 9:01
687,"24,33",Cr3As2,chromium(II) arsenide,3/30/2022 9:01,3/30/2022 9:01
688,"24,6",Cr3C2,chromium(II) carbide,3/30/2022 9:01,3/30/2022 9:01
689,"24,51",Cr3Sb2,chromium(II) antimonide,3/30/2022 9:01,3/30/2022 9:01
690,"24,14",Cr3Si2,chromium(II) silicide,3/30/2022 9:01,3/30/2022 9:01
691,"55,5,8",CsBO2,caesium borate,3/30/2022 9:01,3/30/2022 9:01
692,"55,35",CsBr,caesium bromide,3/30/2022 9:01,3/30/2022 9:01
693,"55,35,8",CsBrO3,caesium bromate,3/30/2022 9:01,3/30/2022 9:01
694,"55,35",CsBr3,caesium tribromide,3/30/2022 9:01,3/30/2022 9:01
695,"55,6,7",CsCN,caesium cyanide,3/30/2022 9:01,3/30/2022 9:01
696,"55,6,1,8",CsC2H3O2,caesium acetate,3/30/2022 9:01,3/30/2022 9:01
697,"55,17",CsCl,caesium chloride,3/30/2022 9:01,3/30/2022 9:01
698,"55,17,8",CsClO3,caesium chlorate,3/30/2022 9:01,3/30/2022 9:01
699,"55,17,8",CsClO4,caesium perchlorate,3/30/2022 9:01,3/30/2022 9:01
700,"55,9",CsF,caesium fluoride,3/30/2022 9:01,3/30/2022 9:01
701,"55,53", Cs I,caesium iodide,3/30/2022 9:01,3/30/2022 9:01
702,"55,53", Cs I,caesium triiodide,3/30/2022 9:01,3/30/2022 9:01
703,"55,7,1", Cs N H,caesium amide,3/30/2022 9:01,3/30/2022 9:01
704,"55,7,8", Cs N O,caesium nitrate,3/30/2022 9:01,3/30/2022 9:01
705,"55,7", Cs N,caesium azide,3/30/2022 9:01,3/30/2022 9:01
706,"55,41,8", Cs Nb O,caesium metaniobate,3/30/2022 9:01,3/30/2022 9:01
707,"55,8,1", Cs O H,caesium hydroxide,3/30/2022 9:01,3/30/2022 9:01
708,"55,8", Cs O,caesium superoxide,3/30/2022 9:01,3/30/2022 9:01
709,"55,16", Cs S,caesium sulfide,3/30/2022 9:01,3/30/2022 9:01
710,"55,16,6,7", Cs S C N,caesium thiocyanate,3/30/2022 9:01,3/30/2022 9:01
711,"55,34,8", Cs Se O,caesium selenate,3/30/2022 9:01,3/30/2022 9:01
712,"55,73,8", Cs Ta O,caesium metatantalate,3/30/2022 9:01,3/30/2022 9:01
713,"55,6,8", Cs C O,caesium carbonate,3/30/2022 9:01,3/30/2022 9:01
714,"55,6,8", Cs C O,caesium oxalate,3/30/2022 9:01,3/30/2022 9:01
715,"55,24,8", Cs Cr O,caesium chromate,3/30/2022 9:01,3/30/2022 9:01
716,"55,24,8", Cs Cr O,caesium dichromate,3/30/2022 9:01,3/30/2022 9:01
717,"55,1,15,8", Cs H P O,caesium hydrogen orthophosphate,3/30/2022 9:01,3/30/2022 9:01
718,"55,42,8", Cs Mo O,caesium molybdate,3/30/2022 9:01,3/30/2022 9:01
719,"55,8", Cs O,caesium oxide,3/30/2022 9:01,3/30/2022 9:01
720,"55,16,8", Cs S O,caesium sulfite,3/30/2022 9:01,3/30/2022 9:01
721,"55,16,8", Cs S O,caesium sulfate,3/30/2022 9:01,3/30/2022 9:01
722,"55,14,8", Cs Si O,caesium metasilicate,3/30/2022 9:01,3/30/2022 9:01
723,"55,52,8", Cs Te O,caesium tellurate,3/30/2022 9:01,3/30/2022 9:01
724,"55,22,8", Cs Ti O,caesium titanate,3/30/2022 9:01,3/30/2022 9:01
725,"55,22,8", Cs Ti O,caesium metatitanate,3/30/2022 9:01,3/30/2022 9:01
726,"55,74,8", Cs W O,caesium orthotungstate,3/30/2022 9:01,3/30/2022 9:01
727,"55,15,8", Cs P O,caesium orthophosphate,3/30/2022 9:01,3/30/2022 9:01
728,"55,23,8", Cs V O,caesium orthovanadate,3/30/2022 9:01,3/30/2022 9:01
729,"29,35", Cu Br,copper(I) bromide,3/30/2022 9:01,3/30/2022 9:01
730,"29,35,8,1", Cu( Br O) ·  H O,copper(II) bromate hexahydrate,3/30/2022 9:01,3/30/2022 9:01
731,"29,35", Cu Br,copper(II) bromide,3/30/2022 9:01,3/30/2022 9:01
732,"29,6,8", Cu C O,copper oxalate,3/30/2022 9:01,3/30/2022 9:01
733,"29,17", Cu Cl,copper(I) chloride,3/30/2022 9:01,3/30/2022 9:01
734,"29,17,8,1", Cu( Cl O) ·  H O,copper(II) chlorate hexahydrate,3/30/2022 9:01,3/30/2022 9:01
735,"29,17", Cu Cl,copper(II) chloride,3/30/2022 9:01,3/30/2022 9:01
736,"29,26,16", Cu Fe S,copper iron sulfide,3/30/2022 9:01,3/30/2022 9:01
737,"29,26,16", Cu Fe S,chalcopyrite,3/30/2022 9:01,3/30/2022 9:01
738,"29,26,8", Cu Fe O,copper(II) iron(II) oxide,3/30/2022 9:01,3/30/2022 9:01
739,"29,26,16", Cu Fe S,copper iron sulfide,3/30/2022 9:01,3/30/2022 9:01
740,"29,26,16", Cu Fe S,cubanite,3/30/2022 9:01,3/30/2022 9:01
741,"29,1,8,16",[ Cu( H O)] S O ·  H O,blue vitriol,3/30/2022 9:01,3/30/2022 9:01
742,"29,53", Cu I,copper(I) iodide,3/30/2022 9:01,3/30/2022 9:01
743,"29,53,8", Cu I O,copper(I) iodate,3/30/2022 9:01,3/30/2022 9:01
744,"29,53,8", Cu( I O),copper(II) iodate,3/30/2022 9:01,3/30/2022 9:01
745,"29,42,8", Cu Mo O,copper(II) orthomolybdate,3/30/2022 9:01,3/30/2022 9:01
746,"29,7,8", Cu( N O),copper(II) nitrate,3/30/2022 9:01,3/30/2022 9:01
747,"29,7,8,1", Cu( N O) ·  H O,copper(II) nitrate trihydrate,3/30/2022 9:01,3/30/2022 9:01
748,"29,7,8,1", Cu( N O) ·  H O,copper(II) nitrate hexahydrate,3/30/2022 9:01,3/30/2022 9:01
749,"29,41,8", Cu( Nb O),copper(II) orthoniobate,3/30/2022 9:01,3/30/2022 9:01
750,"29,8", Cu O,copper(II) oxide,3/30/2022 9:01,3/30/2022 9:01
751,"29,8,1", Cu( O H),copper(II) hydroxide,3/30/2022 9:01,3/30/2022 9:01
752,"29,8,1,6,8", Cu( O H) C O,Verdigris,3/30/2022 9:01,3/30/2022 9:01
753,"29,16", Cu S,copper(II) sulfide,3/30/2022 9:01,3/30/2022 9:01
754,"29,16", Cu S,covellite,3/30/2022 9:01,3/30/2022 9:01
755,"29,16,6,7", Cu S C N,copper(I) thiocyanate,3/30/2022 9:01,3/30/2022 9:01
756,"29,16,8", Cu S O,copper(II) sulfate,3/30/2022 9:01,3/30/2022 9:01
757,"29,16,8,1", Cu S O ·  H O,copper(II) sulfate pentahydrate,3/30/2022 9:01,3/30/2022 9:01
758,"29,34", Cu Se,copper(II) selenide,3/30/2022 9:01,3/30/2022 9:01
759,"29,34,8,1", Cu Se O ·  H O,copper(II) selenite dihydrate,3/30/2022 9:01,3/30/2022 9:01
760,"29,34,8,1", Cu Se O ·  H O,copper(II) selenate pentahydride,3/30/2022 9:01,3/30/2022 9:01
761,"29,14,8", Cu Si O,copper(II) metasilicate,3/30/2022 9:01,3/30/2022 9:01
762,"29,52", Cu Te,copper(II) telluride,3/30/2022 9:01,3/30/2022 9:01
763,"29,52,8", Cu Te O,copper(II) tellurite,3/30/2022 9:01,3/30/2022 9:01
764,"29,22,8", Cu Ti O,copper(II) metatitanate,3/30/2022 9:01,3/30/2022 9:01
765,"29,23,8", Cu( V O),copper(II) metavanadate,3/30/2022 9:01,3/30/2022 9:01
766,"29,74,8", Cu W O,copper(II) orthotungstate,3/30/2022 9:01,3/30/2022 9:01
767,"29,6,8,1", Cu C O( O H),malachite,3/30/2022 9:01,3/30/2022 9:01
768,"29,16", Cu S,copper(I) sulfide,3/30/2022 9:01,3/30/2022 9:01
769,"29,16", Cu S,chalcocite,3/30/2022 9:01,3/30/2022 9:01
770,"29,34", Cu Se,copper(I) selenide,3/30/2022 9:01,3/30/2022 9:01
771,"29,52", Cu Te,copper(I) telluride,3/30/2022 9:01,3/30/2022 9:01
772,"29,33", Cu As,copper(I) arsenide,3/30/2022 9:01,3/30/2022 9:01
773,"29,15", Cu P,copper(I) phosphide,3/30/2022 9:01,3/30/2022 9:01
774,"29,15,8", Cu( P O),copper(II) phosphate,3/30/2022 9:01,3/30/2022 9:01
775,"29,51", Cu Sb,copper(III) antimonide,3/30/2022 9:01,3/30/2022 9:01
776,"29,16", Cu S,copper sulfide,3/30/2022 9:01,3/30/2022 9:01
777,"29,16", Cu S,digenite,3/30/2022 9:01,3/30/2022 9:01
778,"29,30", Cu Zn,brass,3/30/2022 9:01,3/30/2022 9:01
779,"20,5", Ca B,calcium boride,3/30/2022 9:01,3/30/2022 9:01
780,"20,35", Ca Br,calcium bromide,3/30/2022 9:01,3/30/2022 9:01
781,"20,6,7", Ca( C N),calcium cyanide,3/30/2022 9:01,3/30/2022 9:01
782,"20,6,8", Ca C O,calcium carbonate,3/30/2022 9:01,3/30/2022 9:01
783,"20,6,8", Ca C O,spent lime,3/30/2022 9:01,3/30/2022 9:01
784,"20,6,8", Ca C O,calcite,3/30/2022 9:01,3/30/2022 9:01
785,"20,6,8", Ca C O,limestone,3/30/2022 9:01,3/30/2022 9:01
786,"20,6,8", Ca C O,marble,3/30/2022 9:01,3/30/2022 9:01
787,"20,6", Ca C,calcium carbide,3/30/2022 9:01,3/30/2022 9:01
788,"20,6,1,8", Ca( C H O),calcium formate,3/30/2022 9:01,3/30/2022 9:01
789,"20,6,1,8", Ca( C H O),calcium acetate,3/30/2022 9:01,3/30/2022 9:01
790,"20,6,8", Ca C O,calcium oxalate,3/30/2022 9:01,3/30/2022 9:01
791,"20,6,7", Ca C N,calcium cyanamide,3/30/2022 9:01,3/30/2022 9:01
792,"20,17", Ca Cl,calcium chloride,3/30/2022 9:01,3/30/2022 9:01
793,"20,17,8", Ca( Cl O),calcium chlorate,3/30/2022 9:01,3/30/2022 9:01
794,"20,17,8", Ca( Cl O),calcium perchlorate,3/30/2022 9:01,3/30/2022 9:01
795,"20,9", Ca F,calcium fluoride,3/30/2022 9:01,3/30/2022 9:01
796,"20,9", Ca F,fluorite,3/30/2022 9:01,3/30/2022 9:01
797,"20,1", Ca H,calcium hydride,3/30/2022 9:01,3/30/2022 9:01
798,"20,1,15,8", Ca( H P O),calcium hypophosphite,3/30/2022 9:01,3/30/2022 9:01
799,"20,53", Ca I,calcium iodide,3/30/2022 9:01,3/30/2022 9:01
800,"20,53,8", Ca( I O),calcium iodate,3/30/2022 9:01,3/30/2022 9:01
801,"20,42,8",CaMoO4,calcium molybdate,3/30/2022 9:01,3/30/2022 9:01
802,"20,7,8",Ca(NO2)2,calcium nitrite,3/30/2022 9:01,3/30/2022 9:01
803,"20,7,8",Ca(NO3)2,calcium nitrate,3/30/2022 9:01,3/30/2022 9:01
804,"20,7,8,1",Ca(NO3)2 · 4H2O,Calcium nitrate tetrahydrate,3/30/2022 9:01,3/30/2022 9:01
805,"20,41,8",Ca(NbO3)2,calcium metaniobate,3/30/2022 9:01,3/30/2022 9:01
806,"20,8",CaO,quicklime,3/30/2022 9:01,3/30/2022 9:01
807,"20,8",CaO,calcium oxide,3/30/2022 9:01,3/30/2022 9:01
808,"20,8",CaO,burnt lime,3/30/2022 9:01,3/30/2022 9:01
809,"20,17,8",Ca(ClO)2,calcium hypochlorite,3/30/2022 9:01,3/30/2022 9:01
810,"20,8,1",Ca(OH)2,calcium hydroxide,3/30/2022 9:01,3/30/2022 9:01
811,"20,8,1",Ca(OH)2,slaked lime,3/30/2022 9:01,3/30/2022 9:01
812,"20,8",CaO2,calcium peroxide,3/30/2022 9:01,3/30/2022 9:01
813,"20,16",CaS,calcium sulfide,3/30/2022 9:01,3/30/2022 9:01
814,"20,16",CaS,hepar calcies,3/30/2022 9:01,3/30/2022 9:01
815,"20,16",CaS,sulfurated lime,3/30/2022 9:01,3/30/2022 9:01
816,"20,16",CaS,oldhamite,3/30/2022 9:01,3/30/2022 9:01
817,"20,16,8",CaSO4,calcium sulfate,3/30/2022 9:01,3/30/2022 9:01
818,"20,16,8",CaSO4,whiskers crystal,3/30/2022 9:01,3/30/2022 9:01
819,"20,16,8,1",CaSO4 · 0.5H2O,plaster of paris,3/30/2022 9:01,3/30/2022 9:01
820,"20,16,8,1",CaSO4 · 0.5H2O,calcium sulfate hemihydrate,3/30/2022 9:01,3/30/2022 9:01
821,"20,34",CaSe,calcium selenide,3/30/2022 9:01,3/30/2022 9:01
822,"20,34,8",CaSeO3,calcium selenite,3/30/2022 9:01,3/30/2022 9:01
823,"20,34,8",CaSeO4,calcium selenate,3/30/2022 9:01,3/30/2022 9:01
824,"20,14,8",CaSiO3,calcium metasilicate,3/30/2022 9:01,3/30/2022 9:01
825,"20,14,8",CaSiO3,wollastonite,3/30/2022 9:01,3/30/2022 9:01
826,"20,52",CaTe,calcium telluride,3/30/2022 9:01,3/30/2022 9:01
827,"20,52,8",CaTeO3,calcium tellurite,3/30/2022 9:01,3/30/2022 9:01
828,"20,52,8",CaTeO4,calcium tellurate,3/30/2022 9:01,3/30/2022 9:01
829,"20,22,8",CaTiO3,calcium titanate,3/30/2022 9:01,3/30/2022 9:01
830,"20,23,8",Ca(VO3)2,calcium metavanadate,3/30/2022 9:01,3/30/2022 9:01
831,"20,23,8",Ca(VO4)2,calcium orthovanadate,3/30/2022 9:01,3/30/2022 9:01
832,"20,74,8",CaWO4,calcium tungstate,3/30/2022 9:01,3/30/2022 9:01
833,"20,7",Ca3N2,calcium nitride,3/30/2022 9:01,3/30/2022 9:01
834,"20,15",Ca3P2,calcium phosphide,3/30/2022 9:01,3/30/2022 9:01
835,"48,35",CdBr2,cadmium bromide,3/30/2022 9:01,3/30/2022 9:01
836,"48,6,7",Cd(CN)2,cadmium cyanide,3/30/2022 9:01,3/30/2022 9:01
837,"48,6,8",CdCO3,cadmium carbonate,3/30/2022 9:01,3/30/2022 9:01
838,"48,6,1,8",Cd(C2H3O2)2,cadmium acetate,3/30/2022 9:01,3/30/2022 9:01
839,"48,6,8",CdC2O4,cadmium oxalate,3/30/2022 9:01,3/30/2022 9:01
840,"48,17",CdCl2,cadmium chloride,3/30/2022 9:01,3/30/2022 9:01
841,"48,24,8",CdCrO4,cadmium chromate,3/30/2022 9:01,3/30/2022 9:01
842,"48,9",CdF2,cadmium fluoride,3/30/2022 9:01,3/30/2022 9:01
843,"48,53",CdI2,cadmium iodide,3/30/2022 9:01,3/30/2022 9:01
844,"48,53,8",Cd(IO3)2,cadmium iodate,3/30/2022 9:01,3/30/2022 9:01
845,"48,42,8",CdMoO4,cadmium molybdate,3/30/2022 9:01,3/30/2022 9:01
846,"48,7,8",Cd(NO3)2,cadmium nitrate,3/30/2022 9:01,3/30/2022 9:01
847,"48,7",Cd(N3)2,cadmium azide,3/30/2022 9:01,3/30/2022 9:01
848,"48,8",CdO,cadmium oxide,3/30/2022 9:01,3/30/2022 9:01
849,"48,8,1",Cd(OH)2,cadmium hydroxide,3/30/2022 9:01,3/30/2022 9:01
850,"48,16",CdS,cadmium sulfide,3/30/2022 9:01,3/30/2022 9:01
851,"48,16",CdS,greenockite,3/30/2022 9:01,3/30/2022 9:01
852,"48,16,8",CdSO3,cadmium sulfite,3/30/2022 9:01,3/30/2022 9:01
853,"48,16,8",CdSO4,cadmium sulfate,3/30/2022 9:01,3/30/2022 9:01
854,"48,51",CdSb,cadmium antimonide,3/30/2022 9:01,3/30/2022 9:01
855,"48,34",CdSe,cadmium selenide,3/30/2022 9:01,3/30/2022 9:01
856,"48,34",CdSe,cadmoselite,3/30/2022 9:01,3/30/2022 9:01
857,"48,34,8",CdSeO3,cadmium selenite,3/30/2022 9:01,3/30/2022 9:01
858,"48,14,8",CdSiO3,cadmium metasilicate,3/30/2022 9:01,3/30/2022 9:01
859,"48,73,8",Cd(TaO3)2,cadmium metatantalate,3/30/2022 9:01,3/30/2022 9:01
860,"48,52",CdTe,cadmium telluride,3/30/2022 9:01,3/30/2022 9:01
861,"48,52,8",CdTeO4,cadmium tellurate,3/30/2022 9:01,3/30/2022 9:01
862,"48,22,8",CdTiO3,cadmium titanate,3/30/2022 9:01,3/30/2022 9:01
863,"48,74,8",CdWO4,cadmium tungstate,3/30/2022 9:01,3/30/2022 9:01
864,"48,40,8",CdZrO3,cadmium metazirconate,3/30/2022 9:01,3/30/2022 9:01
865,"48,41,8",Cd2Nb2O7,cadmium niobate,3/30/2022 9:01,3/30/2022 9:01
866,"48,33",Cd3As2,cadmium arsenide,3/30/2022 9:01,3/30/2022 9:01
867,"48,15",Cd3P2,cadmium phosphide,3/30/2022 9:01,3/30/2022 9:01
868,"48,15,8",Cd3(PO4)2,cadmium phosphate,3/30/2022 9:01,3/30/2022 9:01
869,"58,5",CeB6,cerium boride,3/30/2022 9:01,3/30/2022 9:01
870,"58,35",CeBr3,cerium(III) bromide,3/30/2022 9:01,3/30/2022 9:01
871,"58,6",CeC,cerium carbide,3/30/2022 9:01,3/30/2022 9:01
872,"58,17",CeCl3,cerium(III) chloride,3/30/2022 9:01,3/30/2022 9:01
873,"58,9",CeF3,cerium(III) fluoride,3/30/2022 9:01,3/30/2022 9:01
874,"58,9",CeF4,cerium(IV) fluoride,3/30/2022 9:01,3/30/2022 9:01
875,"58,53",CeI2,cerium(II) iodide,3/30/2022 9:01,3/30/2022 9:01
876,"58,53",CeI3,cerium(III) iodide,3/30/2022 9:01,3/30/2022 9:01
877,"58,7",CeN,cerium nitride,3/30/2022 9:01,3/30/2022 9:01
878,"58,8",CeO2,cerium(IV) oxide,3/30/2022 9:01,3/30/2022 9:01
879,"58,8",CeO2,cerianite,3/30/2022 9:01,3/30/2022 9:01
880,"58,16",CeS,cerium(II) sulfide,3/30/2022 9:01,3/30/2022 9:01
881,"58,16,8",Ce(SO4)2,cerium(IV) sulfate,3/30/2022 9:01,3/30/2022 9:01
882,"58,14",CeSi2,cerium silicide,3/30/2022 9:01,3/30/2022 9:01
883,"58,6",Ce2C3,cerium(III) carbide,3/30/2022 9:01,3/30/2022 9:01
884,"58,8",Ce2O3,cerium(III) oxide,3/30/2022 9:01,3/30/2022 9:01
885,"58,16",Ce2S3,cerium(III) sulfide,3/30/2022 9:01,3/30/2022 9:01
886,"17,9",ClF,chlorine fluoride,3/30/2022 9:01,3/30/2022 9:01
887,"17,9",ClF3,chlorine trifluoride,3/30/2022 9:01,3/30/2022 9:01
888,"17,9",ClF5,chlorine pentafluoride,3/30/2022 9:01,3/30/2022 9:01
889,"17,8,17,8",ClOClO3,chlorine perchlorate,3/30/2022 9:01,3/30/2022 9:01
890,"17,8",ClO2,chlorine dioxide,3/30/2022 9:01,3/30/2022 9:01
891,"17,8,9",ClO3F,chlorine trioxide fluoride,3/30/2022 9:01,3/30/2022 9:01
892,17,Cl2,chlorine,3/30/2022 9:01,3/30/2022 9:01
893,"17,8",Cl2O3,chlorine trioxide,3/30/2022 9:01,3/30/2022 9:01
894,"17,8",Cl2O6,chlorine hexoxide,3/30/2022 9:01,3/30/2022 9:01
895,"17,8",Cl2O7,chlorine heptoxide,3/30/2022 9:01,3/30/2022 9:01
896,"27,13,8",CoAl2O4,cobalt(II) aluminate,3/30/2022 9:01,3/30/2022 9:01
897,"27,33",CoAs,cobalt arsenide,3/30/2022 9:01,3/30/2022 9:01
898,"27,33",CoAs2,cobalt(II) arsenide,3/30/2022 9:01,3/30/2022 9:01
899,"27,5",CoB,cobalt(II) boride,3/30/2022 9:01,3/30/2022 9:01
900,"27,35",CoBr2,cobalt(II) bromide,3/30/2022 9:01,3/30/2022 9:01
901,"27,6,7",Co(CN)2,cobalt(II) cyanide,3/30/2022 9:01,3/30/2022 9:01
902,"27,6,1,8",Co(C2H3O2)2,cobalt(II) acetate,3/30/2022 9:01,3/30/2022 9:01
903,"27,6,1,8",Co(C2H3O2)3,cobalt(III) acetate,3/30/2022 9:01,3/30/2022 9:01
904,"27,6,8",CoC2O4,cobalt(II) oxalate,3/30/2022 9:01,3/30/2022 9:01
905,"27,17,8",Co(ClO4)2,cobalt(II) perchlorate,3/30/2022 9:01,3/30/2022 9:01
906,"27,17",CoCl2,cobalt(II) chloride,3/30/2022 9:01,3/30/2022 9:01
907,"27,24,8",CoCrO4,cobalt(II) chromate,3/30/2022 9:01,3/30/2022 9:01
908,"27,24,8",CoCr2O4,cobalt(II) chromite,3/30/2022 9:01,3/30/2022 9:01
909,"27,9",CoF2,cobalt(II) fluoride,3/30/2022 9:01,3/30/2022 9:01
910,"27,9",CoF3,cobalt(III) fluoride,3/30/2022 9:01,3/30/2022 9:01
911,"27,53,8",Co(IO3)2,cobalt(II) iodate,3/30/2022 9:01,3/30/2022 9:01
912,"27,53",CoI2,cobalt(II) iodide,3/30/2022 9:01,3/30/2022 9:01
913,"27,42,8",CoMoO4,cobalt(II) molybdate,3/30/2022 9:01,3/30/2022 9:01
914,"27,7,8",Co(NO3)2,cobalt(II) nitrate,3/30/2022 9:01,3/30/2022 9:01
915,"27,7,8",Co(NO3)3,cobalt(III) nitrate,3/30/2022 9:01,3/30/2022 9:01
916,"27,8",CoO,cobalt(II) oxide,3/30/2022 9:01,3/30/2022 9:01
917,"27,8,1",Co(OH)2,cobalt(II) hydroxide,3/30/2022 9:01,3/30/2022 9:01
918,"27,8,1",Co(OH)3,cobalt(III) hydroxide,3/30/2022 9:01,3/30/2022 9:01
919,"27,16",CoS,cobalt(II) sulfide,3/30/2022 9:01,3/30/2022 9:01
920,"27,16",CoS2,cobalt disulfide,3/30/2022 9:01,3/30/2022 9:01
921,"27,51",CoSb,cobalt antimonide,3/30/2022 9:01,3/30/2022 9:01
922,"27,34",CoSe,cobalt(II) selenide,3/30/2022 9:01,3/30/2022 9:01
923,"27,34,8",CoSeO3,cobalt(II) selenite,3/30/2022 9:01,3/30/2022 9:01
924,"27,52",CoTe,cobalt(II) telluride,3/30/2022 9:01,3/30/2022 9:01
925,"27,22,8",CoTiO3,cobalt(II) titanate,3/30/2022 9:01,3/30/2022 9:01
926,"27,74,8",CoWO4,cobalt(II) tungstate,3/30/2022 9:01,3/30/2022 9:01
927,"27,5",Co2B,cobalt boride,3/30/2022 9:01,3/30/2022 9:01
928,"27,16,8",Co2SO4,cobalt(II) sulfate,3/30/2022 9:01,3/30/2022 9:01
929,"27,16",Co2S3,cobalt(III) sulfide,3/30/2022 9:01,3/30/2022 9:01
930,"27,14,8",Co2SiO4,cobalt(II) orthosilicate,3/30/2022 9:01,3/30/2022 9:01
931,"27,50,8",Co2SnO4,cobalt(II) stannate,3/30/2022 9:01,3/30/2022 9:01
932,"27,22,8",Co2TiO4,cobalt(II) titanite,3/30/2022 9:01,3/30/2022 9:01
933,"27,26,6,7",Co3(Fe(CN)6)2,cobalt(II) ferricyanide,3/30/2022 9:01,3/30/2022 9:01
934,"24,35",CrBr2,chromium(II) bromide,3/30/2022 9:01,3/30/2022 9:01
935,"24,35",CrBr3,chromium(III) bromide,3/30/2022 9:01,3/30/2022 9:01
936,"24,17",CrCl2,chromium(II) chloride,3/30/2022 9:01,3/30/2022 9:01
937,"24,17",CrCl3,chromium(III) chloride,3/30/2022 9:01,3/30/2022 9:01
938,"24,17",CrCl4,chromium(IV) chloride,3/30/2022 9:01,3/30/2022 9:01
939,"24,9",CrF2,chromium(II) fluoride,3/30/2022 9:01,3/30/2022 9:01
940,"24,9",CrF3,chromium(III) fluoride,3/30/2022 9:01,3/30/2022 9:01
941,"24,9",CrF4,chromium(IV) fluoride,3/30/2022 9:01,3/30/2022 9:01
942,"24,9",CrF5,chromium(V) fluoride,3/30/2022 9:01,3/30/2022 9:01
943,"24,9",CrF6,chromium(VI) fluoride,3/30/2022 9:01,3/30/2022 9:01
944,"24,53",CrI2,chromium(II) iodide,3/30/2022 9:01,3/30/2022 9:01
945,"24,53",CrI3,chromium(III) iodide,3/30/2022 9:01,3/30/2022 9:01
946,"24,7,8",Cr(NO3)3,chromium(III) nitrate,3/30/2022 9:01,3/30/2022 9:01
947,"24,7,8",Cr(NO2)3,chromium(III) nitrite,3/30/2022 9:01,3/30/2022 9:01
948,"24,8",CrO2,chromium(IV) oxide,3/30/2022 9:01,3/30/2022 9:01
949,"24,8",CrO3,chromium(VI) oxide,3/30/2022 9:01,3/30/2022 9:01
950,"24,8",CrO42?,chromate ion,3/30/2022 9:01,3/30/2022 9:01
951,"24,8,17",CrO2Cl2,chromium(VI) oxychloride,3/30/2022 9:01,3/30/2022 9:01
952,"24,15,8",CrPO4,chromium(III) phosphate,3/30/2022 9:01,3/30/2022 9:01
953,"24,51",CrSb,chromium antimonide,3/30/2022 9:01,3/30/2022 9:01
954,"24,23,8",CrVO4,chromium(III) orthovanadate,3/30/2022 9:01,3/30/2022 9:01
955,"24,8",Cr2O3,chromium(III) oxide,3/30/2022 9:01,3/30/2022 9:01
956,"24,8",,eskolaite,3/30/2022 9:01,3/30/2022 9:01
957,"24,16,8",Cr2(SO4)3,chromium(III) sulfate,3/30/2022 9:01,3/30/2022 9:01
958,"24,16",Cr2S3,chromium(III) sulfide,3/30/2022 9:01,3/30/2022 9:01
959,"24,34",Cr2Se3,chromium(III) selenide,3/30/2022 9:01,3/30/2022 9:01
960,"24,52,8",Cr2(TeO4)3,chromium(III) tellurate,3/30/2022 9:01,3/30/2022 9:01
961,"24,52",Cr2Te3,chromium(III) telluride,3/30/2022 9:01,3/30/2022 9:01
962,"24,33",Cr3As2,chromium(II) arsenide,3/30/2022 9:01,3/30/2022 9:01
963,"24,6",Cr3C2,chromium(II) carbide,3/30/2022 9:01,3/30/2022 9:01
964,"24,51",Cr3Sb2,chromium(II) antimonide,3/30/2022 9:01,3/30/2022 9:01
965,"24,14",Cr3Si2,chromium(II) silicide,3/30/2022 9:01,3/30/2022 9:01
966,"55,5,8",CsBO2,caesium borate,3/30/2022 9:01,3/30/2022 9:01
967,"55,35",CsBr,caesium bromide,3/30/2022 9:01,3/30/2022 9:01
968,"55,35,8",CsBrO3,caesium bromate,3/30/2022 9:01,3/30/2022 9:01
969,"55,35",CsBr3,caesium tribromide,3/30/2022 9:01,3/30/2022 9:01
970,"55,6,7",CsCN,caesium cyanide,3/30/2022 9:01,3/30/2022 9:01
971,"55,6,1,8",CsC2H3O2,caesium acetate,3/30/2022 9:01,3/30/2022 9:01
972,"55,17",CsCl,caesium chloride,3/30/2022 9:01,3/30/2022 9:01
973,"55,17,8",CsClO3,caesium chlorate,3/30/2022 9:01,3/30/2022 9:01
974,"55,17,8",CsClO4,caesium perchlorate,3/30/2022 9:01,3/30/2022 9:01
975,"55,9",CsF,caesium fluoride,3/30/2022 9:01,3/30/2022 9:01
976,"55,53",CsI,caesium iodide,3/30/2022 9:01,3/30/2022 9:01
977,"55,53",CsI3,caesium triiodide,3/30/2022 9:01,3/30/2022 9:01
978,"55,7,1",CsNH2,caesium amide,3/30/2022 9:01,3/30/2022 9:01
979,"55,7,8",CsNO3,caesium nitrate,3/30/2022 9:01,3/30/2022 9:01
980,"55,7",CsN3,caesium azide,3/30/2022 9:01,3/30/2022 9:01
981,"55,41,8",CsNbO3,caesium metaniobate,3/30/2022 9:01,3/30/2022 9:01
982,"55,8,1",CsOH,caesium hydroxide,3/30/2022 9:01,3/30/2022 9:01
983,"55,8",CsO2,caesium superoxide,3/30/2022 9:01,3/30/2022 9:01
984,"55,16",Cs2S,caesium sulfide,3/30/2022 9:01,3/30/2022 9:01
985,"55,16,6,7",CsSCN,caesium thiocyanate,3/30/2022 9:01,3/30/2022 9:01
986,"55,34,8",CsSeO4,caesium selenate,3/30/2022 9:01,3/30/2022 9:01
987,"55,73,8",CsTaO3,caesium metatantalate,3/30/2022 9:01,3/30/2022 9:01
988,"55,6,8",Cs2CO3,caesium carbonate,3/30/2022 9:01,3/30/2022 9:01
989,"55,6,8",Cs2C2O4,caesium oxalate,3/30/2022 9:01,3/30/2022 9:01
990,"55,24,8",Cs2CrO4,caesium chromate,3/30/2022 9:01,3/30/2022 9:01
991,"55,24,8",Cs2Cr2O7,caesium dichromate,3/30/2022 9:01,3/30/2022 9:01
992,"55,1,15,8",Cs2HPO4,caesium hydrogen orthophosphate,3/30/2022 9:01,3/30/2022 9:01
993,"55,42,8",Cs2MoO4,caesium molybdate,3/30/2022 9:01,3/30/2022 9:01
994,"55,8",Cs2O,caesium oxide,3/30/2022 9:01,3/30/2022 9:01
995,"55,16,8",Cs2SO3,caesium sulfite,3/30/2022 9:01,3/30/2022 9:01
996,"55,16,8",Cs2SO4,caesium sulfate,3/30/2022 9:01,3/30/2022 9:01
997,"55,14,8",Cs2SiO3,caesium metasilicate,3/30/2022 9:01,3/30/2022 9:01
998,"55,52,8",Cs2TeO4,caesium tellurate,3/30/2022 9:01,3/30/2022 9:01
999,"55,22,8",Cs2TiO3,caesium titanate,3/30/2022 9:01,3/30/2022 9:01
1000,"55,22,8",Cs2TiO3,caesium metatitanate,3/30/2022 9:01,3/30/2022 9:01
1001,"55,74,8",Cs2WO4,caesium orthotungstate,3/30/2022 9:01,3/30/2022 9:01
1002,"55,15,8",Cs3PO4,caesium orthophosphate,3/30/2022 9:01,3/30/2022 9:01
1003,"55,23,8",Cs3VO4,caesium orthovanadate,3/30/2022 9:01,3/30/2022 9:01
1004,"29,35",CuBr,copper(I) bromide,3/30/2022 9:01,3/30/2022 9:01
1005,"29,35,8,1",Cu(BrO3)2 · 6H2O,copper(II) bromate hexahydrate,3/30/2022 9:01,3/30/2022 9:01
1006,"29,35",CuBr2,copper(II) bromide,3/30/2022 9:01,3/30/2022 9:01
1007,"29,6,8",CuC2O4,copper oxalate,3/30/2022 9:01,3/30/2022 9:01
1008,"29,17",CuCl,copper(I) chloride,3/30/2022 9:01,3/30/2022 9:01
1009,"29,17,8,1",Cu(ClO3)2 · 6H2O,copper(II) chlorate hexahydrate,3/30/2022 9:01,3/30/2022 9:01
1010,"29,17",CuCl2,copper(II) chloride,3/30/2022 9:01,3/30/2022 9:01
1011,"29,26,16",CuFeS2,copper iron sulfide,3/30/2022 9:01,3/30/2022 9:01
1012,"29,26,16",CuFeS2,chalcopyrite,3/30/2022 9:01,3/30/2022 9:01
1013,"29,26,8",CuFe2O4,copper(II) iron(II) oxide,3/30/2022 9:01,3/30/2022 9:01
1014,"29,26,16",CuFe2S3,copper iron sulfide,3/30/2022 9:01,3/30/2022 9:01
1015,"29,26,16",CuFe2S3,cubanite,3/30/2022 9:01,3/30/2022 9:01
1016,"29,1,8,16,8",[Cu(H2O)4]SO4 · H2O,blue vitriol,3/30/2022 9:01,3/30/2022 9:01
1017,"29,53",CuI,copper(I) iodide,3/30/2022 9:01,3/30/2022 9:01
1018,"29,53,8",CuIO3,copper(I) iodate,3/30/2022 9:01,3/30/2022 9:01
1019,"29,53,8",Cu(IO3)2,copper(II) iodate,3/30/2022 9:01,3/30/2022 9:01
1020,"29,42,8",CuMoO4,copper(II) orthomolybdate,3/30/2022 9:01,3/30/2022 9:01
1021,"29,7,8",Cu(NO3)2,copper(II) nitrate,3/30/2022 9:01,3/30/2022 9:01
1022,"29,7,8,1",Cu(NO3)2 · 3H2O,copper(II) nitrate trihydrate,3/30/2022 9:01,3/30/2022 9:01
1023,"29,7,8,1",Cu(NO3)2 · 6H2O,copper(II) nitrate hexahydrate,3/30/2022 9:01,3/30/2022 9:01
1024,"29,41,8",Cu(NbO3)2,copper(II) orthoniobate,3/30/2022 9:01,3/30/2022 9:01
1025,"29,8",CuO,copper(II) oxide,3/30/2022 9:01,3/30/2022 9:01
1026,"29,8,1",Cu(OH)2,copper(II) hydroxide,3/30/2022 9:01,3/30/2022 9:01
1027,"29,8,1,6,8",Cu(OH)2CO3,Verdigris,3/30/2022 9:01,3/30/2022 9:01
1028,"29,16",CuS,copper(II) sulfide,3/30/2022 9:01,3/30/2022 9:01
1029,"29,16",CuS,covellite,3/30/2022 9:01,3/30/2022 9:01
1030,"29,16,6,7",CuSCN,copper(I) thiocyanate,3/30/2022 9:01,3/30/2022 9:01
1031,"29,16,8",CuSO4,copper(II) sulfate,3/30/2022 9:01,3/30/2022 9:01
1032,"29,16,8,1",CuSO4 · 5H2O,copper(II) sulfate pentahydrate,3/30/2022 9:01,3/30/2022 9:01
1033,"29,34",CuSe,copper(II) selenide,3/30/2022 9:01,3/30/2022 9:01
1034,"29,34,8,1",CuSeO3 · 2H2O,copper(II) selenite dihydrate,3/30/2022 9:01,3/30/2022 9:01
1035,"29,34,8,1",CuSeO4 · 5H2O,copper(II) selenate pentahydride,3/30/2022 9:01,3/30/2022 9:01
1036,"29,14,8",CuSiO3,copper(II) metasilicate,3/30/2022 9:01,3/30/2022 9:01
1037,"29,52",CuTe,copper(II) telluride,3/30/2022 9:01,3/30/2022 9:01
1038,"29,52,8",CuTeO3,copper(II) tellurite,3/30/2022 9:01,3/30/2022 9:01
1039,"29,22,8",CuTiO3,copper(II) metatitanate,3/30/2022 9:01,3/30/2022 9:01
1040,"29,23,8",Cu(VO3)2,copper(II) metavanadate,3/30/2022 9:01,3/30/2022 9:01
1041,"29,74,8",CuWO4,copper(II) orthotungstate,3/30/2022 9:01,3/30/2022 9:01
1042,"29,6,8,1",Cu2CO3(OH)2,malachite,3/30/2022 9:01,3/30/2022 9:01
1043,"29,16",Cu2S,copper(I) sulfide,3/30/2022 9:01,3/30/2022 9:01
1044,"29,16",Cu2S,chalcocite,3/30/2022 9:01,3/30/2022 9:01
1045,"29,34",Cu2Se,copper(I) selenide,3/30/2022 9:01,3/30/2022 9:01
1046,"29,52",Cu2Te,copper(I) telluride,3/30/2022 9:01,3/30/2022 9:01
1047,"29,33",Cu3As,copper(I) arsenide,3/30/2022 9:01,3/30/2022 9:01
1048,"29,15",Cu3P,copper(I) phosphide,3/30/2022 9:01,3/30/2022 9:01
1049,"29,15,8",Cu3(PO4)2,copper(II) phosphate,3/30/2022 9:01,3/30/2022 9:01
1050,"29,51",Cu3Sb,copper(III) antimonide,3/30/2022 9:01,3/30/2022 9:01
1051,"29,16",Cu9S5,copper sulfide,3/30/2022 9:01,3/30/2022 9:01
1052,"29,16",Cu9S5,digenite,3/30/2022 9:01,3/30/2022 9:01
1053,"29,30",Cu3Zn2,brass,3/30/2022 9:01,3/30/2022 9:01
1054,"68,9",ErF,erbium monofluoride,3/30/2022 9:01,3/30/2022 9:01
1055,"68,9",ErF2,erbium difluoride,3/30/2022 9:01,3/30/2022 9:01
1056,"68,9",ErF3,erbium trifluoride,3/30/2022 9:01,3/30/2022 9:01
1057,"68,53",ErI3,erbium triiodide,3/30/2022 9:01,3/30/2022 9:01
1058,"68,53,11",ErI4Na,erbium sodium tetraiodide,3/30/2022 9:01,3/30/2022 9:01
1059,"68,8",ErO,erbium monoxide,3/30/2022 9:01,3/30/2022 9:01
1060,"63,9",EuF,europium monofluoride,3/30/2022 9:01,3/30/2022 9:01
1061,"63,9",EuF3,europium trifluoride,3/30/2022 9:01,3/30/2022 9:01
1062,"63,53",EuI2,europium diiodide,3/30/2022 9:01,3/30/2022 9:01
1063,"63,41,8",EuNbO2,europium niobium dioxide,3/30/2022 9:01,3/30/2022 9:01
1064,"63,41,8",EuNb2O6,europium diniobium hexaoxide,3/30/2022 9:01,3/30/2022 9:01
1065,"63,8",EuO,europium monoxide,3/30/2022 9:01,3/30/2022 9:01
1066,"63,8,23",EuO2V,monoeuropium monovandium dioxide,3/30/2022 9:01,3/30/2022 9:01
1067,"63,8,22",EuO3Ti,europium titanium trioxide,3/30/2022 9:01,3/30/2022 9:01
1068,"63,8,23",EuO3V,europium metavanadate,3/30/2022 9:01,3/30/2022 9:01
1069,"63,8,74",EuO4W,europium tungsten tetraoxide,3/30/2022 9:01,3/30/2022 9:01
1070,"63,16",EuS,europium monosulfide,3/30/2022 9:01,3/30/2022 9:01
1071,"63,16",EuS2,europium disulfide,3/30/2022 9:01,3/30/2022 9:01
1072,"63,8",Eu2O,dieuropium monoxide,3/30/2022 9:01,3/30/2022 9:01
1073,"63,8",Eu2O2,dieuropium dioxide,3/30/2022 9:01,3/30/2022 9:01
1074,"63,16",Eu2S,dieuropium monosulfide,3/30/2022 9:01,3/30/2022 9:01
1075,"63,16",Eu2S2,dieuropium disulfide,3/30/2022 9:01,3/30/2022 9:01
1076,"9,26",F2Fe,iron fluoride,3/30/2022 9:01,3/30/2022 9:01
1077,"9,31",FGa,gallium monofluoride,3/30/2022 9:01,3/30/2022 9:01
1078,"9,31,8",FGaO,gallium monofluoride monoxide,3/30/2022 9:01,3/30/2022 9:01
1079,"9,64",FGd,gadolinium monofluoride,3/30/2022 9:01,3/30/2022 9:01
1080,"9,32",FGe,germanium monofluoride,3/30/2022 9:01,3/30/2022 9:01
1081,"9,67",FHo,holmium monofluoride,3/30/2022 9:01,3/30/2022 9:01
1082,"9,53",FI,iodine monofluoride,3/30/2022 9:01,3/30/2022 9:01
1083,"9,53",FI2,monofluorodiiodine,3/30/2022 9:01,3/30/2022 9:01
1084,"9,49",FIn,indium monofluoride,3/30/2022 9:01,3/30/2022 9:01
1085,"9,57",FLa,lanthanum monofluoride,3/30/2022 9:01,3/30/2022 9:01
1086,"9,3",FLi,lithium fluoride,3/30/2022 9:01,3/30/2022 9:01
1087,"9,3,8",FLiO,lithium hypofluorite,3/30/2022 9:01,3/30/2022 9:01
1088,"9,3",FLi2,dilithium monofluoride,3/30/2022 9:01,3/30/2022 9:01
1089,"9,12",FMg,magnesium monofluoride,3/30/2022 9:01,3/30/2022 9:01
1090,"9,25",FMn,monomanganese monofluoride,3/30/2022 9:01,3/30/2022 9:01
1091,"9,25,8",FMnO3,manganese fluoride trioxide,3/30/2022 9:01,3/30/2022 9:01
1092,"9,42",FMo,molybdenum monofluoride,3/30/2022 9:01,3/30/2022 9:01
1093,"9,7",FN,fluoroimidogen,3/30/2022 9:01,3/30/2022 9:01
1094,"9,7,8",FNO,nitrosyl fluoride,3/30/2022 9:01,3/30/2022 9:01
1095,"9,7,8",FNO2,nitryl fluoride,3/30/2022 9:01,3/30/2022 9:01
1096,"9,7,8",FNO3,fluorine nitrate,3/30/2022 9:01,3/30/2022 9:01
1097,"9,7,16",FNS,thiazyl fluoride,3/30/2022 9:01,3/30/2022 9:01
1098,"9,11",FNa,sodium fluoride,3/30/2022 9:01,3/30/2022 9:01
1099,"9,11",FNa2,disodium monofluoride,3/30/2022 9:01,3/30/2022 9:01
1100,"9,60",FNd,neodymium monofluoride,3/30/2022 9:01,3/30/2022 9:01
